stress,deepPercentage,totalDuration,date,awakeCount,remPercentage,restlessness,lightPercentage,overall
"{'qualifierKey': 'FAIR', 'optimalStart': 0.0, 'optimalEnd': 15.0}","{'value': 29, 'qualifierKey': 'EXCELLENT', 'optimalStart': 16.0, 'optimalEnd': 33.0, 'idealStartInSeconds': 2639.84, 'idealEndInSeconds': 5444.67}","{'qualifierKey': 'POOR', 'optimalStart': 28200.0, 'optimalEnd': 28200.0}",2026-05-23,"{'qualifierKey': 'EXCELLENT', 'optimalStart': 0.0, 'optimalEnd': 1.0}","{'value': 22, 'qualifierKey': 'GOOD', 'optimalStart': 21.0, 'optimalEnd': 31.0, 'idealStartInSeconds': 3464.79, 'idealEndInSeconds': 5114.69}","{'qualifierKey': 'EXCELLENT', 'optimalStart': 0.0, 'optimalEnd': 5.0}","{'value': 49, 'qualifierKey': 'EXCELLENT', 'optimalStart': 30.0, 'optimalEnd': 64.0, 'idealStartInSeconds': 4949.7, 'idealEndInSeconds': 10559.36}","{'value': 61, 'qualifierKey': 'FAIR'}"
"{'qualifierKey': 'EXCELLENT', 'optimalStart': 0.0, 'optimalEnd': 15.0}","{'value': 17, 'qualifierKey': 'GOOD', 'optimalStart': 16.0, 'optimalEnd': 33.0, 'idealStartInSeconds': 3357.6, 'idealEndInSeconds': 6925.05}","{'qualifierKey': 'FAIR', 'optimalStart': 28200.0, 'optimalEnd': 28200.0}",2026-05-24,"{'qualifierKey': 'POOR', 'optimalStart': 0.0, 'optimalEnd': 1.0}","{'value': 26, 'qualifierKey': 'EXCELLENT', 'optimalStart': 21.0, 'optimalEnd': 31.0, 'idealStartInSeconds': 4406.85, 'idealEndInSeconds': 6505.35}","{'qualifierKey': 'FAIR', 'optimalStart': 0.0, 'optimalEnd': 5.0}","{'value': 56, 'qualifierKey': 'EXCELLENT', 'optimalStart': 30.0, 'optimalEnd': 64.0, 'idealStartInSeconds': 6295.5, 'idealEndInSeconds': 13430.4}","{'value': 71, 'qualifierKey': 'FAIR'}"
"{'qualifierKey': 'FAIR', 'optimalStart': 0.0, 'optimalEnd': 15.0}","{'value': 17, 'qualifierKey': 'GOOD', 'optimalStart': 16.0, 'optimalEnd': 33.0, 'idealStartInSeconds': 3878.4, 'idealEndInSeconds': 7999.2}","{'qualifierKey': 'FAIR', 'optimalStart': 28200.0, 'optimalEnd': 28200.0}",2026-05-25,"{'qualifierKey': 'FAIR', 'optimalStart': 0.0, 'optimalEnd': 1.0}","{'value': 7, 'qualifierKey': 'POOR', 'optimalStart': 21.0, 'optimalEnd': 31.0, 'idealStartInSeconds': 5090.4, 'idealEndInSeconds': 7514.4}","{'qualifierKey': 'FAIR', 'optimalStart': 0.0, 'optimalEnd': 5.0}","{'value': 77, 'qualifierKey': 'FAIR', 'optimalStart': 30.0, 'optimalEnd': 64.0, 'idealStartInSeconds': 7272.0, 'idealEndInSeconds': 15513.6}","{'value': 67, 'qualifierKey': 'FAIR'}"
"{'qualifierKey': 'FAIR', 'optimalStart': 0.0, 'optimalEnd': 15.0}","{'value': 25, 'qualifierKey': 'EXCELLENT', 'optimalStart': 16.0, 'optimalEnd': 33.0, 'idealStartInSeconds': 3426.88, 'idealEndInSeconds': 7067.94}","{'qualifierKey': 'FAIR', 'optimalStart': 28200.0, 'optimalEnd': 28200.0}",2026-05-26,"{'qualifierKey': 'EXCELLENT', 'optimalStart': 0.0, 'optimalEnd': 1.0}","{'value': 24, 'qualifierKey': 'EXCELLENT', 'optimalStart': 21.0, 'optimalEnd': 31.0, 'idealStartInSeconds': 4497.78, 'idealEndInSeconds': 6639.58}","{'qualifierKey': 'EXCELLENT', 'optimalStart': 0.0, 'optimalEnd': 5.0}","{'value': 52, 'qualifierKey': 'EXCELLENT', 'optimalStart': 30.0, 'optimalEnd': 64.0, 'idealStartInSeconds': 6425.4, 'idealEndInSeconds': 13707.52}","{'value': 75, 'qualifierKey': 'FAIR'}"
"{'qualifierKey': 'GOOD', 'optimalStart': 0.0, 'optimalEnd': 15.0}","{'value': 19, 'qualifierKey': 'EXCELLENT', 'optimalStart': 16.0, 'optimalEnd': 33.0, 'idealStartInSeconds': 3590.4, 'idealEndInSeconds': 7405.2}","{'qualifierKey': 'FAIR', 'optimalStart': 28200.0, 'optimalEnd': 28200.0}",2026-05-27,"{'qualifierKey': 'POOR', 'optimalStart': 0.0, 'optimalEnd': 1.0}","{'value': 26, 'qualifierKey': 'EXCELLENT', 'optimalStart': 21.0, 'optimalEnd': 31.0, 'idealStartInSeconds': 4712.4, 'idealEndInSeconds': 6956.4}","{'qualifierKey': 'POOR', 'optimalStart': 0.0, 'optimalEnd': 5.0}","{'value': 55, 'qualifierKey': 'EXCELLENT', 'optimalStart': 30.0, 'optimalEnd': 64.0, 'idealStartInSeconds': 6732.0, 'idealEndInSeconds': 14361.6}","{'value': 69, 'qualifierKey': 'FAIR'}"
"{'qualifierKey': 'GOOD', 'optimalStart': 0.0, 'optimalEnd': 15.0}","{'value': 14, 'qualifierKey': 'FAIR', 'optimalStart': 16.0, 'optimalEnd': 33.0, 'idealStartInSeconds': 3523.2, 'idealEndInSeconds': 7266.6}","{'qualifierKey': 'FAIR', 'optimalStart': 28200.0, 'optimalEnd': 28200.0}",2026-05-28,"{'qualifierKey': 'GOOD', 'optimalStart': 0.0, 'optimalEnd': 1.0}","{'value': 22, 'qualifierKey': 'GOOD', 'optimalStart': 21.0, 'optimalEnd': 31.0, 'idealStartInSeconds': 4624.2, 'idealEndInSeconds': 6826.2}","{'qualifierKey': 'EXCELLENT', 'optimalStart': 0.0, 'optimalEnd': 5.0}","{'value': 64, 'qualifierKey': 'GOOD', 'optimalStart': 30.0, 'optimalEnd': 64.0, 'idealStartInSeconds': 6606.0, 'idealEndInSeconds': 14092.8}","{'value': 77, 'qualifierKey': 'FAIR'}"
"{'qualifierKey': 'FAIR', 'optimalStart': 0.0, 'optimalEnd': 15.0}","{'value': 11, 'qualifierKey': 'FAIR', 'optimalStart': 16.0, 'optimalEnd': 33.0, 'idealStartInSeconds': 3531.84, 'idealEndInSeconds': 7284.42}","{'qualifierKey': 'FAIR', 'optimalStart': 28200.0, 'optimalEnd': 28200.0}",2026-05-29,"{'qualifierKey': 'EXCELLENT', 'optimalStart': 0.0, 'optimalEnd': 1.0}","{'value': 19, 'qualifierKey': 'FAIR', 'optimalStart': 21.0, 'optimalEnd': 31.0, 'idealStartInSeconds': 4635.54, 'idealEndInSeconds': 6842.94}","{'qualifierKey': 'EXCELLENT', 'optimalStart': 0.0, 'optimalEnd': 5.0}","{'value': 69, 'qualifierKey': 'FAIR', 'optimalStart': 30.0, 'optimalEnd': 64.0, 'idealStartInSeconds': 6622.2, 'idealEndInSeconds': 14127.36}","{'value': 74, 'qualifierKey': 'FAIR'}"
"{'qualifierKey': 'GOOD', 'optimalStart': 0.0, 'optimalEnd': 15.0}","{'value': 22, 'qualifierKey': 'EXCELLENT', 'optimalStart': 16.0, 'optimalEnd': 33.0, 'idealStartInSeconds': 3435.52, 'idealEndInSeconds': 7085.76}","{'qualifierKey': 'FAIR', 'optimalStart': 28200.0, 'optimalEnd': 28200.0}",2026-05-30,"{'qualifierKey': 'EXCELLENT', 'optimalStart': 0.0, 'optimalEnd': 1.0}","{'value': 18, 'qualifierKey': 'FAIR', 'optimalStart': 21.0, 'optimalEnd': 31.0, 'idealStartInSeconds': 4509.12, 'idealEndInSeconds': 6656.32}","{'qualifierKey': 'EXCELLENT', 'optimalStart': 0.0, 'optimalEnd': 5.0}","{'value': 60, 'qualifierKey': 'GOOD', 'optimalStart': 30.0, 'optimalEnd': 64.0, 'idealStartInSeconds': 6441.6, 'idealEndInSeconds': 13742.08}","{'value': 75, 'qualifierKey': 'FAIR'}"
"{'qualifierKey': 'FAIR', 'optimalStart': 0.0, 'optimalEnd': 15.0}","{'value': 19, 'qualifierKey': 'EXCELLENT', 'optimalStart': 16.0, 'optimalEnd': 33.0, 'idealStartInSeconds': 3216.0, 'idealEndInSeconds': 6633.0}","{'qualifierKey': 'FAIR', 'optimalStart': 28200.0, 'optimalEnd': 28200.0}",2026-05-31,"{'qualifierKey': 'EXCELLENT', 'optimalStart': 0.0, 'optimalEnd': 1.0}","{'value': 19, 'qualifierKey': 'FAIR', 'optimalStart': 21.0, 'optimalEnd': 31.0, 'idealStartInSeconds': 4221.0, 'idealEndInSeconds': 6231.0}","{'qualifierKey': 'EXCELLENT', 'optimalStart': 0.0, 'optimalEnd': 5.0}","{'value': 61, 'qualifierKey': 'GOOD', 'optimalStart': 30.0, 'optimalEnd': 64.0, 'idealStartInSeconds': 6030.0, 'idealEndInSeconds': 12864.0}","{'value': 68, 'qualifierKey': 'FAIR'}"
"{'qualifierKey': 'GOOD', 'optimalStart': 0.0, 'optimalEnd': 15.0}","{'value': 17, 'qualifierKey': 'GOOD', 'optimalStart': 16.0, 'optimalEnd': 33.0, 'idealStartInSeconds': 3216.0, 'idealEndInSeconds': 6633.0}","{'qualifierKey': 'FAIR', 'optimalStart': 28200.0, 'optimalEnd': 28200.0}",2026-06-01,"{'qualifierKey': 'EXCELLENT', 'optimalStart': 0.0, 'optimalEnd': 1.0}","{'value': 21, 'qualifierKey': 'GOOD', 'optimalStart': 21.0, 'optimalEnd': 31.0, 'idealStartInSeconds': 4221.0, 'idealEndInSeconds': 6231.0}","{'qualifierKey': 'EXCELLENT', 'optimalStart': 0.0, 'optimalEnd': 5.0}","{'value': 61, 'qualifierKey': 'GOOD', 'optimalStart': 30.0, 'optimalEnd': 64.0, 'idealStartInSeconds': 6030.0, 'idealEndInSeconds': 12864.0}","{'value': 73, 'qualifierKey': 'FAIR'}"
"{'qualifierKey': 'GOOD', 'optimalStart': 0.0, 'optimalEnd': 15.0}","{'value': 22, 'qualifierKey': 'EXCELLENT', 'optimalStart': 16.0, 'optimalEnd': 33.0, 'idealStartInSeconds': 3120.0, 'idealEndInSeconds': 6435.0}","{'qualifierKey': 'POOR', 'optimalStart': 28200.0, 'optimalEnd': 28200.0}",2026-06-02,"{'qualifierKey': 'EXCELLENT', 'optimalStart': 0.0, 'optimalEnd': 1.0}","{'value': 16, 'qualifierKey': 'FAIR', 'optimalStart': 21.0, 'optimalEnd': 31.0, 'idealStartInSeconds': 4095.0, 'idealEndInSeconds': 6045.0}","{'qualifierKey': 'EXCELLENT', 'optimalStart': 0.0, 'optimalEnd': 5.0}","{'value': 62, 'qualifierKey': 'GOOD', 'optimalStart': 30.0, 'optimalEnd': 64.0, 'idealStartInSeconds': 5850.0, 'idealEndInSeconds': 12480.0}","{'value': 71, 'qualifierKey': 'FAIR'}"
"{'qualifierKey': 'EXCELLENT', 'optimalStart': 0.0, 'optimalEnd': 15.0}","{'value': 20, 'qualifierKey': 'EXCELLENT', 'optimalStart': 16.0, 'optimalEnd': 33.0, 'idealStartInSeconds': 2880.0, 'idealEndInSeconds': 5940.0}","{'qualifierKey': 'POOR', 'optimalStart': 28200.0, 'optimalEnd': 28200.0}",2026-06-03,"{'qualifierKey': 'EXCELLENT', 'optimalStart': 0.0, 'optimalEnd': 1.0}","{'value': 16, 'qualifierKey': 'FAIR', 'optimalStart': 21.0, 'optimalEnd': 31.0, 'idealStartInSeconds': 3780.0, 'idealEndInSeconds': 5580.0}","{'qualifierKey': 'EXCELLENT', 'optimalStart': 0.0, 'optimalEnd': 5.0}","{'value': 64, 'qualifierKey': 'GOOD', 'optimalStart': 30.0, 'optimalEnd': 64.0, 'idealStartInSeconds': 5400.0, 'idealEndInSeconds': 11520.0}","{'value': 66, 'qualifierKey': 'FAIR'}"
"{'qualifierKey': 'FAIR', 'optimalStart': 0.0, 'optimalEnd': 15.0}","{'value': 30, 'qualifierKey': 'EXCELLENT', 'optimalStart': 16.0, 'optimalEnd': 33.0, 'idealStartInSeconds': 3504.0, 'idealEndInSeconds': 7227.0}","{'qualifierKey': 'FAIR', 'optimalStart': 28200.0, 'optimalEnd': 28200.0}",2026-06-04,"{'qualifierKey': 'EXCELLENT', 'optimalStart': 0.0, 'optimalEnd': 1.0}","{'value': 22, 'qualifierKey': 'EXCELLENT', 'optimalStart': 21.0, 'optimalEnd': 31.0, 'idealStartInSeconds': 4599.0, 'idealEndInSeconds': 6789.0}","{'qualifierKey': 'EXCELLENT', 'optimalStart': 0.0, 'optimalEnd': 5.0}","{'value': 48, 'qualifierKey': 'EXCELLENT', 'optimalStart': 30.0, 'optimalEnd': 64.0, 'idealStartInSeconds': 6570.0, 'idealEndInSeconds': 14016.0}","{'value': 76, 'qualifierKey': 'FAIR'}"
"{'qualifierKey': 'FAIR', 'optimalStart': 0.0, 'optimalEnd': 15.0}","{'value': 17, 'qualifierKey': 'GOOD', 'optimalStart': 16.0, 'optimalEnd': 33.0, 'idealStartInSeconds': 3705.6, 'idealEndInSeconds': 7642.8}","{'qualifierKey': 'FAIR', 'optimalStart': 28200.0, 'optimalEnd': 28200.0}",2026-06-05,"{'qualifierKey': 'EXCELLENT', 'optimalStart': 0.0, 'optimalEnd': 1.0}","{'value': 12, 'qualifierKey': 'FAIR', 'optimalStart': 21.0, 'optimalEnd': 31.0, 'idealStartInSeconds': 4863.6, 'idealEndInSeconds': 7179.6}","{'qualifierKey': 'EXCELLENT', 'optimalStart': 0.0, 'optimalEnd': 5.0}","{'value': 72, 'qualifierKey': 'FAIR', 'optimalStart': 30.0, 'optimalEnd': 64.0, 'idealStartInSeconds': 6948.0, 'idealEndInSeconds': 14822.4}","{'value': 75, 'qualifierKey': 'FAIR'}"
"{'qualifierKey': 'EXCELLENT', 'optimalStart': 0.0, 'optimalEnd': 15.0}","{'value': 23, 'qualifierKey': 'EXCELLENT', 'optimalStart': 16.0, 'optimalEnd': 33.0, 'idealStartInSeconds': 3801.6, 'idealEndInSeconds': 7840.8}","{'qualifierKey': 'FAIR', 'optimalStart': 28200.0, 'optimalEnd': 28200.0}",2026-06-06,"{'qualifierKey': 'EXCELLENT', 'optimalStart': 0.0, 'optimalEnd': 1.0}","{'value': 23, 'qualifierKey': 'EXCELLENT', 'optimalStart': 21.0, 'optimalEnd': 31.0, 'idealStartInSeconds': 4989.6, 'idealEndInSeconds': 7365.6}","{'qualifierKey': 'EXCELLENT', 'optimalStart': 0.0, 'optimalEnd': 5.0}","{'value': 53, 'qualifierKey': 'EXCELLENT', 'optimalStart': 30.0, 'optimalEnd': 64.0, 'idealStartInSeconds': 7128.0, 'idealEndInSeconds': 15206.4}","{'value': 85, 'qualifierKey': 'GOOD'}"
"{'qualifierKey': 'GOOD', 'optimalStart': 0.0, 'optimalEnd': 15.0}","{'value': 16, 'qualifierKey': 'GOOD', 'optimalStart': 16.0, 'optimalEnd': 33.0, 'idealStartInSeconds': 4031.84, 'idealEndInSeconds': 8315.67}","{'qualifierKey': 'FAIR', 'optimalStart': 28200.0, 'optimalEnd': 28200.0}",2026-06-07,"{'qualifierKey': 'EXCELLENT', 'optimalStart': 0.0, 'optimalEnd': 1.0}","{'value': 30, 'qualifierKey': 'GOOD', 'optimalStart': 21.0, 'optimalEnd': 31.0, 'idealStartInSeconds': 5291.79, 'idealEndInSeconds': 7811.69}","{'qualifierKey': 'EXCELLENT', 'optimalStart': 0.0, 'optimalEnd': 5.0}","{'value': 54, 'qualifierKey': 'EXCELLENT', 'optimalStart': 30.0, 'optimalEnd': 64.0, 'idealStartInSeconds': 7559.7, 'idealEndInSeconds': 16127.36}","{'value': 83, 'qualifierKey': 'GOOD'}"
"{'qualifierKey': 'FAIR', 'optimalStart': 0.0, 'optimalEnd': 15.0}","{'value': 12, 'qualifierKey': 'FAIR', 'optimalStart': 16.0, 'optimalEnd': 33.0, 'idealStartInSeconds': 4080.0, 'idealEndInSeconds': 8415.0}","{'qualifierKey': 'GOOD', 'optimalStart': 28200.0, 'optimalEnd': 28200.0}",2026-06-08,"{'qualifierKey': 'EXCELLENT', 'optimalStart': 0.0, 'optimalEnd': 1.0}","{'value': 4, 'qualifierKey': 'POOR', 'optimalStart': 21.0, 'optimalEnd': 31.0, 'idealStartInSeconds': 5355.0, 'idealEndInSeconds': 7905.0}","{'qualifierKey': 'EXCELLENT', 'optimalStart': 0.0, 'optimalEnd': 5.0}","{'value': 84, 'qualifierKey': 'POOR', 'optimalStart': 30.0, 'optimalEnd': 64.0, 'idealStartInSeconds': 7650.0, 'idealEndInSeconds': 16320.0}","{'value': 65, 'qualifierKey': 'FAIR'}"
"{'qualifierKey': 'EXCELLENT', 'optimalStart': 0.0, 'optimalEnd': 15.0}","{'value': 14, 'qualifierKey': 'FAIR', 'optimalStart': 16.0, 'optimalEnd': 33.0, 'idealStartInSeconds': 3657.6, 'idealEndInSeconds': 7543.8}","{'qualifierKey': 'FAIR', 'optimalStart': 28200.0, 'optimalEnd': 28200.0}",2026-06-09,"{'qualifierKey': 'EXCELLENT', 'optimalStart': 0.0, 'optimalEnd': 1.0}","{'value': 18, 'qualifierKey': 'FAIR', 'optimalStart': 21.0, 'optimalEnd': 31.0, 'idealStartInSeconds': 4800.6, 'idealEndInSeconds': 7086.6}","{'qualifierKey': 'EXCELLENT', 'optimalStart': 0.0, 'optimalEnd': 5.0}","{'value': 67, 'qualifierKey': 'FAIR', 'optimalStart': 30.0, 'optimalEnd': 64.0, 'idealStartInSeconds': 6858.0, 'idealEndInSeconds': 14630.4}","{'value': 79, 'qualifierKey': 'FAIR'}"
"{'qualifierKey': 'EXCELLENT', 'optimalStart': 0.0, 'optimalEnd': 15.0}","{'value': 22, 'qualifierKey': 'EXCELLENT', 'optimalStart': 16.0, 'optimalEnd': 33.0, 'idealStartInSeconds': 3235.2, 'idealEndInSeconds': 6672.6}","{'qualifierKey': 'FAIR', 'optimalStart': 28200.0, 'optimalEnd': 28200.0}",2026-06-10,"{'qualifierKey': 'FAIR', 'optimalStart': 0.0, 'optimalEnd': 1.0}","{'value': 21, 'qualifierKey': 'GOOD', 'optimalStart': 21.0, 'optimalEnd': 31.0, 'idealStartInSeconds': 4246.2, 'idealEndInSeconds': 6268.2}","{'qualifierKey': 'FAIR', 'optimalStart': 0.0, 'optimalEnd': 5.0}","{'value': 56, 'qualifierKey': 'EXCELLENT', 'optimalStart': 30.0, 'optimalEnd': 64.0, 'idealStartInSeconds': 6066.0, 'idealEndInSeconds': 12940.8}","{'value': 71, 'qualifierKey': 'FAIR'}"
"{'qualifierKey': 'EXCELLENT', 'optimalStart': 0.0, 'optimalEnd': 15.0}","{'value': 18, 'qualifierKey': 'GOOD', 'optimalStart': 16.0, 'optimalEnd': 33.0, 'idealStartInSeconds': 4003.2, 'idealEndInSeconds': 8256.6}","{'qualifierKey': 'FAIR', 'optimalStart': 28200.0, 'optimalEnd': 28200.0}",2026-06-11,"{'qualifierKey': 'EXCELLENT', 'optimalStart': 0.0, 'optimalEnd': 1.0}","{'value': 29, 'qualifierKey': 'GOOD', 'optimalStart': 21.0, 'optimalEnd': 31.0, 'idealStartInSeconds': 5254.2, 'idealEndInSeconds': 7756.2}","{'qualifierKey': 'EXCELLENT', 'optimalStart': 0.0, 'optimalEnd': 5.0}","{'value': 54, 'qualifierKey': 'EXCELLENT', 'optimalStart': 30.0, 'optimalEnd': 64.0, 'idealStartInSeconds': 7506.0, 'idealEndInSeconds': 16012.8}","{'value': 87, 'qualifierKey': 'GOOD'}"
"{'qualifierKey': 'FAIR', 'optimalStart': 0.0, 'optimalEnd': 15.0}","{'value': 15, 'qualifierKey': 'FAIR', 'optimalStart': 16.0, 'optimalEnd': 33.0, 'idealStartInSeconds': 4339.2, 'idealEndInSeconds': 8949.6}","{'qualifierKey': 'EXCELLENT', 'optimalStart': 28200.0, 'optimalEnd': 28200.0}",2026-06-12,"{'qualifierKey': 'EXCELLENT', 'optimalStart': 0.0, 'optimalEnd': 1.0}","{'value': 18, 'qualifierKey': 'FAIR', 'optimalStart': 21.0, 'optimalEnd': 31.0, 'idealStartInSeconds': 5695.2, 'idealEndInSeconds': 8407.2}","{'qualifierKey': 'GOOD', 'optimalStart': 0.0, 'optimalEnd': 5.0}","{'value': 67, 'qualifierKey': 'FAIR', 'optimalStart': 30.0, 'optimalEnd': 64.0, 'idealStartInSeconds': 8136.0, 'idealEndInSeconds': 17356.8}","{'value': 84, 'qualifierKey': 'GOOD'}"
"{'qualifierKey': 'GOOD', 'optimalStart': 0.0, 'optimalEnd': 15.0}","{'value': 20, 'qualifierKey': 'EXCELLENT', 'optimalStart': 16.0, 'optimalEnd': 33.0, 'idealStartInSeconds': 3590.4, 'idealEndInSeconds': 7405.2}","{'qualifierKey': 'FAIR', 'optimalStart': 28200.0, 'optimalEnd': 28200.0}",2026-06-13,"{'qualifierKey': 'EXCELLENT', 'optimalStart': 0.0, 'optimalEnd': 1.0}","{'value': 23, 'qualifierKey': 'EXCELLENT', 'optimalStart': 21.0, 'optimalEnd': 31.0, 'idealStartInSeconds': 4712.4, 'idealEndInSeconds': 6956.4}","{'qualifierKey': 'EXCELLENT', 'optimalStart': 0.0, 'optimalEnd': 5.0}","{'value': 57, 'qualifierKey': 'EXCELLENT', 'optimalStart': 30.0, 'optimalEnd': 64.0, 'idealStartInSeconds': 6732.0, 'idealEndInSeconds': 14361.6}","{'value': 79, 'qualifierKey': 'FAIR'}"
"{'qualifierKey': 'EXCELLENT', 'optimalStart': 0.0, 'optimalEnd': 15.0}","{'value': 24, 'qualifierKey': 'EXCELLENT', 'optimalStart': 16.0, 'optimalEnd': 33.0, 'idealStartInSeconds': 4483.2, 'idealEndInSeconds': 9246.6}","{'qualifierKey': 'EXCELLENT', 'optimalStart': 28200.0, 'optimalEnd': 28200.0}",2026-06-14,"{'qualifierKey': 'EXCELLENT', 'optimalStart': 0.0, 'optimalEnd': 1.0}","{'value': 12, 'qualifierKey': 'FAIR', 'optimalStart': 21.0, 'optimalEnd': 31.0, 'idealStartInSeconds': 5884.2, 'idealEndInSeconds': 8686.2}","{'qualifierKey': 'EXCELLENT', 'optimalStart': 0.0, 'optimalEnd': 5.0}","{'value': 38, 'qualifierKey': 'GOOD', 'optimalStart': 30.0, 'optimalEnd': 64.0, 'idealStartInSeconds': 8406.0, 'idealEndInSeconds': 17932.8}","{'value': 90, 'qualifierKey': 'EXCELLENT'}"
"{'qualifierKey': 'FAIR', 'optimalStart': 0.0, 'optimalEnd': 15.0}","{'value': 18, 'qualifierKey': 'EXCELLENT', 'optimalStart': 16.0, 'optimalEnd': 33.0, 'idealStartInSeconds': 3465.6, 'idealEndInSeconds': 7147.8}","{'qualifierKey': 'FAIR', 'optimalStart': 28200.0, 'optimalEnd': 28200.0}",2026-06-15,"{'qualifierKey': 'EXCELLENT', 'optimalStart': 0.0, 'optimalEnd': 1.0}","{'value': 17, 'qualifierKey': 'FAIR', 'optimalStart': 21.0, 'optimalEnd': 31.0, 'idealStartInSeconds': 4548.6, 'idealEndInSeconds': 6714.6}","{'qualifierKey': 'EXCELLENT', 'optimalStart': 0.0, 'optimalEnd': 5.0}","{'value': 64, 'qualifierKey': 'GOOD', 'optimalStart': 30.0, 'optimalEnd': 64.0, 'idealStartInSeconds': 6498.0, 'idealEndInSeconds': 13862.4}","{'value': 75, 'qualifierKey': 'FAIR'}"
"{'qualifierKey': 'EXCELLENT', 'optimalStart': 0.0, 'optimalEnd': 15.0}","{'value': 31, 'qualifierKey': 'EXCELLENT', 'optimalStart': 16.0, 'optimalEnd': 33.0, 'idealStartInSeconds': 3513.6, 'idealEndInSeconds': 7246.8}","{'qualifierKey': 'FAIR', 'optimalStart': 28200.0, 'optimalEnd': 28200.0}",2026-06-16,"{'qualifierKey': 'EXCELLENT', 'optimalStart': 0.0, 'optimalEnd': 1.0}","{'value': 22, 'qualifierKey': 'GOOD', 'optimalStart': 21.0, 'optimalEnd': 31.0, 'idealStartInSeconds': 4611.6, 'idealEndInSeconds': 6807.6}","{'qualifierKey': 'EXCELLENT', 'optimalStart': 0.0, 'optimalEnd': 5.0}","{'value': 47, 'qualifierKey': 'EXCELLENT', 'optimalStart': 30.0, 'optimalEnd': 64.0, 'idealStartInSeconds': 6588.0, 'idealEndInSeconds': 14054.4}","{'value': 82, 'qualifierKey': 'GOOD'}"
"{'qualifierKey': 'EXCELLENT', 'optimalStart': 0.0, 'optimalEnd': 15.0}","{'value': 23, 'qualifierKey': 'EXCELLENT', 'optimalStart': 16.0, 'optimalEnd': 33.0, 'idealStartInSeconds': 3181.12, 'idealEndInSeconds': 6561.06}","{'qualifierKey': 'FAIR', 'optimalStart': 28200.0, 'optimalEnd': 28200.0}",2026-06-17,"{'qualifierKey': 'EXCELLENT', 'optimalStart': 0.0, 'optimalEnd': 1.0}","{'value': 33, 'qualifierKey': 'FAIR', 'optimalStart': 21.0, 'optimalEnd': 31.0, 'idealStartInSeconds': 4175.22, 'idealEndInSeconds': 6163.42}","{'qualifierKey': 'EXCELLENT', 'optimalStart': 0.0, 'optimalEnd': 5.0}","{'value': 44, 'qualifierKey': 'EXCELLENT', 'optimalStart': 30.0, 'optimalEnd': 64.0, 'idealStartInSeconds': 5964.6, 'idealEndInSeconds': 12724.48}","{'value': 73, 'qualifierKey': 'FAIR'}"
"{'qualifierKey': 'GOOD', 'optimalStart': 0.0, 'optimalEnd': 15.0}","{'value': 12, 'qualifierKey': 'FAIR', 'optimalStart': 16.0, 'optimalEnd': 33.0, 'idealStartInSeconds': 3561.6, 'idealEndInSeconds': 7345.8}","{'qualifierKey': 'FAIR', 'optimalStart': 28200.0, 'optimalEnd': 28200.0}",2026-06-18,"{'qualifierKey': 'POOR', 'optimalStart': 0.0, 'optimalEnd': 1.0}","{'value': 13, 'qualifierKey': 'FAIR', 'optimalStart': 21.0, 'optimalEnd': 31.0, 'idealStartInSeconds': 4674.6, 'idealEndInSeconds': 6900.6}","{'qualifierKey': 'POOR', 'optimalStart': 0.0, 'optimalEnd': 5.0}","{'value': 74, 'qualifierKey': 'FAIR', 'optimalStart': 30.0, 'optimalEnd': 64.0, 'idealStartInSeconds': 6678.0, 'idealEndInSeconds': 14246.4}","{'value': 67, 'qualifierKey': 'FAIR'}"
"{'qualifierKey': 'FAIR', 'optimalStart': 0.0, 'optimalEnd': 15.0}","{'value': 22, 'qualifierKey': 'EXCELLENT', 'optimalStart': 16.0, 'optimalEnd': 33.0, 'idealStartInSeconds': 2659.2, 'idealEndInSeconds': 5484.6}","{'qualifierKey': 'POOR', 'optimalStart': 28200.0, 'optimalEnd': 28200.0}",2026-06-19,"{'qualifierKey': 'EXCELLENT', 'optimalStart': 0.0, 'optimalEnd': 1.0}","{'value': 10, 'qualifierKey': 'POOR', 'optimalStart': 21.0, 'optimalEnd': 31.0, 'idealStartInSeconds': 3490.2, 'idealEndInSeconds': 5152.2}","{'qualifierKey': 'EXCELLENT', 'optimalStart': 0.0, 'optimalEnd': 5.0}","{'value': 68, 'qualifierKey': 'FAIR', 'optimalStart': 30.0, 'optimalEnd': 64.0, 'idealStartInSeconds': 4986.0, 'idealEndInSeconds': 10636.8}","{'value': 59, 'qualifierKey': 'POOR'}"
"{'qualifierKey': 'EXCELLENT', 'optimalStart': 0.0, 'optimalEnd': 15.0}","{'value': 13, 'qualifierKey': 'FAIR', 'optimalStart': 16.0, 'optimalEnd': 33.0, 'idealStartInSeconds': 3609.6, 'idealEndInSeconds': 7444.8}","{'qualifierKey': 'FAIR', 'optimalStart': 28200.0, 'optimalEnd': 28200.0}",2026-06-20,"{'qualifierKey': 'FAIR', 'optimalStart': 0.0, 'optimalEnd': 1.0}","{'value': 17, 'qualifierKey': 'FAIR', 'optimalStart': 21.0, 'optimalEnd': 31.0, 'idealStartInSeconds': 4737.6, 'idealEndInSeconds': 6993.6}","{'qualifierKey': 'FAIR', 'optimalStart': 0.0, 'optimalEnd': 5.0}","{'value': 70, 'qualifierKey': 'FAIR', 'optimalStart': 30.0, 'optimalEnd': 64.0, 'idealStartInSeconds': 6768.0, 'idealEndInSeconds': 14438.4}","{'value': 75, 'qualifierKey': 'FAIR'}"
"{'qualifierKey': 'FAIR', 'optimalStart': 0.0, 'optimalEnd': 15.0}","{'value': 10, 'qualifierKey': 'FAIR', 'optimalStart': 16.0, 'optimalEnd': 33.0, 'idealStartInSeconds': 3273.6, 'idealEndInSeconds': 6751.8}","{'qualifierKey': 'FAIR', 'optimalStart': 28200.0, 'optimalEnd': 28200.0}",2026-06-21,"{'qualifierKey': 'GOOD', 'optimalStart': 0.0, 'optimalEnd': 1.0}","{'value': 12, 'qualifierKey': 'FAIR', 'optimalStart': 21.0, 'optimalEnd': 31.0, 'idealStartInSeconds': 4296.6, 'idealEndInSeconds': 6342.6}","{'qualifierKey': 'GOOD', 'optimalStart': 0.0, 'optimalEnd': 5.0}","{'value': 78, 'qualifierKey': 'FAIR', 'optimalStart': 30.0, 'optimalEnd': 64.0, 'idealStartInSeconds': 6138.0, 'idealEndInSeconds': 13094.4}","{'value': 68, 'qualifierKey': 'FAIR'}"
"{'qualifierKey': 'GOOD', 'optimalStart': 0.0, 'optimalEnd': 15.0}","{'value': 18, 'qualifierKey': 'EXCELLENT', 'optimalStart': 16.0, 'optimalEnd': 33.0, 'idealStartInSeconds': 3225.6, 'idealEndInSeconds': 6652.8}","{'qualifierKey': 'FAIR', 'optimalStart': 28200.0, 'optimalEnd': 28200.0}",2026-06-22,"{'qualifierKey': 'EXCELLENT', 'optimalStart': 0.0, 'optimalEnd': 1.0}","{'value': 24, 'qualifierKey': 'EXCELLENT', 'optimalStart': 21.0, 'optimalEnd': 31.0, 'idealStartInSeconds': 4233.6, 'idealEndInSeconds': 6249.6}","{'qualifierKey': 'EXCELLENT', 'optimalStart': 0.0, 'optimalEnd': 5.0}","{'value': 58, 'qualifierKey': 'EXCELLENT', 'optimalStart': 30.0, 'optimalEnd': 64.0, 'idealStartInSeconds': 6048.0, 'idealEndInSeconds': 12902.4}","{'value': 73, 'qualifierKey': 'FAIR'}"
"{'qualifierKey': 'EXCELLENT', 'optimalStart': 0.0, 'optimalEnd': 15.0}","{'value': 16, 'qualifierKey': 'GOOD', 'optimalStart': 16.0, 'optimalEnd': 33.0, 'idealStartInSeconds': 2448.0, 'idealEndInSeconds': 5049.0}","{'qualifierKey': 'POOR', 'optimalStart': 28200.0, 'optimalEnd': 28200.0}",2026-06-23,"{'qualifierKey': 'EXCELLENT', 'optimalStart': 0.0, 'optimalEnd': 1.0}","{'value': 14, 'qualifierKey': 'FAIR', 'optimalStart': 21.0, 'optimalEnd': 31.0, 'idealStartInSeconds': 3213.0, 'idealEndInSeconds': 4743.0}","{'qualifierKey': 'GOOD', 'optimalStart': 0.0, 'optimalEnd': 5.0}","{'value': 70, 'qualifierKey': 'FAIR', 'optimalStart': 30.0, 'optimalEnd': 64.0, 'idealStartInSeconds': 4590.0, 'idealEndInSeconds': 9792.0}","{'value': 58, 'qualifierKey': 'POOR'}"
"{'qualifierKey': 'FAIR', 'optimalStart': 0.0, 'optimalEnd': 15.0}","{'value': 17, 'qualifierKey': 'GOOD', 'optimalStart': 16.0, 'optimalEnd': 33.0, 'idealStartInSeconds': 2839.36, 'idealEndInSeconds': 5856.18}","{'qualifierKey': 'POOR', 'optimalStart': 28200.0, 'optimalEnd': 28200.0}",2026-06-24,"{'qualifierKey': 'EXCELLENT', 'optimalStart': 0.0, 'optimalEnd': 1.0}","{'value': 14, 'qualifierKey': 'FAIR', 'optimalStart': 21.0, 'optimalEnd': 31.0, 'idealStartInSeconds': 3726.66, 'idealEndInSeconds': 5501.26}","{'qualifierKey': 'EXCELLENT', 'optimalStart': 0.0, 'optimalEnd': 5.0}","{'value': 70, 'qualifierKey': 'FAIR', 'optimalStart': 30.0, 'optimalEnd': 64.0, 'idealStartInSeconds': 5323.8, 'idealEndInSeconds': 11357.44}","{'value': 64, 'qualifierKey': 'FAIR'}"
"{'qualifierKey': 'EXCELLENT', 'optimalStart': 0.0, 'optimalEnd': 15.0}","{'value': 32, 'qualifierKey': 'EXCELLENT', 'optimalStart': 16.0, 'optimalEnd': 33.0, 'idealStartInSeconds': 3696.0, 'idealEndInSeconds': 7623.0}","{'qualifierKey': 'FAIR', 'optimalStart': 28200.0, 'optimalEnd': 28200.0}",2026-06-25,"{'qualifierKey': 'EXCELLENT', 'optimalStart': 0.0, 'optimalEnd': 1.0}","{'value': 25, 'qualifierKey': 'EXCELLENT', 'optimalStart': 21.0, 'optimalEnd': 31.0, 'idealStartInSeconds': 4851.0, 'idealEndInSeconds': 7161.0}","{'qualifierKey': 'EXCELLENT', 'optimalStart': 0.0, 'optimalEnd': 5.0}","{'value': 43, 'qualifierKey': 'EXCELLENT', 'optimalStart': 30.0, 'optimalEnd': 64.0, 'idealStartInSeconds': 6930.0, 'idealEndInSeconds': 14784.0}","{'value': 83, 'qualifierKey': 'GOOD'}"
"{'qualifierKey': 'FAIR', 'optimalStart': 0.0, 'optimalEnd': 15.0}","{'value': 15, 'qualifierKey': 'FAIR', 'optimalStart': 16.0, 'optimalEnd': 33.0, 'idealStartInSeconds': 3350.4, 'idealEndInSeconds': 6910.2}","{'qualifierKey': 'FAIR', 'optimalStart': 28200.0, 'optimalEnd': 28200.0}",2026-06-26,"{'qualifierKey': 'GOOD', 'optimalStart': 0.0, 'optimalEnd': 1.0}","{'value': 11, 'qualifierKey': 'FAIR', 'optimalStart': 21.0, 'optimalEnd': 31.0, 'idealStartInSeconds': 4397.4, 'idealEndInSeconds': 6491.4}","{'qualifierKey': 'GOOD', 'optimalStart': 0.0, 'optimalEnd': 5.0}","{'value': 74, 'qualifierKey': 'FAIR', 'optimalStart': 30.0, 'optimalEnd': 64.0, 'idealStartInSeconds': 6282.0, 'idealEndInSeconds': 13401.6}","{'value': 69, 'qualifierKey': 'FAIR'}"
"{'qualifierKey': 'EXCELLENT', 'optimalStart': 0.0, 'optimalEnd': 15.0}","{'value': 31, 'qualifierKey': 'EXCELLENT', 'optimalStart': 16.0, 'optimalEnd': 33.0, 'idealStartInSeconds': 3427.2, 'idealEndInSeconds': 7068.6}","{'qualifierKey': 'FAIR', 'optimalStart': 28200.0, 'optimalEnd': 28200.0}",2026-06-27,"{'qualifierKey': 'FAIR', 'optimalStart': 0.0, 'optimalEnd': 1.0}","{'value': 24, 'qualifierKey': 'EXCELLENT', 'optimalStart': 21.0, 'optimalEnd': 31.0, 'idealStartInSeconds': 4498.2, 'idealEndInSeconds': 6640.2}","{'qualifierKey': 'GOOD', 'optimalStart': 0.0, 'optimalEnd': 5.0}","{'value': 45, 'qualifierKey': 'EXCELLENT', 'optimalStart': 30.0, 'optimalEnd': 64.0, 'idealStartInSeconds': 6426.0, 'idealEndInSeconds': 13708.8}","{'value': 77, 'qualifierKey': 'FAIR'}"
"{'qualifierKey': 'GOOD', 'optimalStart': 0.0, 'optimalEnd': 15.0}","{'value': 17, 'qualifierKey': 'GOOD', 'optimalStart': 16.0, 'optimalEnd': 33.0, 'idealStartInSeconds': 3648.0, 'idealEndInSeconds': 7524.0}","{'qualifierKey': 'FAIR', 'optimalStart': 28200.0, 'optimalEnd': 28200.0}",2026-06-28,"{'qualifierKey': 'FAIR', 'optimalStart': 0.0, 'optimalEnd': 1.0}","{'value': 22, 'qualifierKey': 'GOOD', 'optimalStart': 21.0, 'optimalEnd': 31.0, 'idealStartInSeconds': 4788.0, 'idealEndInSeconds': 7068.0}","{'qualifierKey': 'FAIR', 'optimalStart': 0.0, 'optimalEnd': 5.0}","{'value': 61, 'qualifierKey': 'GOOD', 'optimalStart': 30.0, 'optimalEnd': 64.0, 'idealStartInSeconds': 6840.0, 'idealEndInSeconds': 14592.0}","{'value': 77, 'qualifierKey': 'FAIR'}"
"{'qualifierKey': 'EXCELLENT', 'optimalStart': 0.0, 'optimalEnd': 15.0}","{'value': 17, 'qualifierKey': 'GOOD', 'optimalStart': 16.0, 'optimalEnd': 33.0, 'idealStartInSeconds': 4286.72, 'idealEndInSeconds': 8841.36}","{'qualifierKey': 'EXCELLENT', 'optimalStart': 28200.0, 'optimalEnd': 28200.0}",2026-06-29,"{'qualifierKey': 'GOOD', 'optimalStart': 0.0, 'optimalEnd': 1.0}","{'value': 25, 'qualifierKey': 'EXCELLENT', 'optimalStart': 21.0, 'optimalEnd': 31.0, 'idealStartInSeconds': 5626.32, 'idealEndInSeconds': 8305.52}","{'qualifierKey': 'GOOD', 'optimalStart': 0.0, 'optimalEnd': 5.0}","{'value': 58, 'qualifierKey': 'EXCELLENT', 'optimalStart': 30.0, 'optimalEnd': 64.0, 'idealStartInSeconds': 8037.6, 'idealEndInSeconds': 17146.88}","{'value': 91, 'qualifierKey': 'EXCELLENT'}"
"{'qualifierKey': 'GOOD', 'optimalStart': 0.0, 'optimalEnd': 15.0}","{'value': 19, 'qualifierKey': 'EXCELLENT', 'optimalStart': 16.0, 'optimalEnd': 33.0, 'idealStartInSeconds': 3638.4, 'idealEndInSeconds': 7504.2}","{'qualifierKey': 'FAIR', 'optimalStart': 28200.0, 'optimalEnd': 28200.0}",2026-06-30,"{'qualifierKey': 'EXCELLENT', 'optimalStart': 0.0, 'optimalEnd': 1.0}","{'value': 15, 'qualifierKey': 'FAIR', 'optimalStart': 21.0, 'optimalEnd': 31.0, 'idealStartInSeconds': 4775.4, 'idealEndInSeconds': 7049.4}","{'qualifierKey': 'EXCELLENT', 'optimalStart': 0.0, 'optimalEnd': 5.0}","{'value': 66, 'qualifierKey': 'FAIR', 'optimalStart': 30.0, 'optimalEnd': 64.0, 'idealStartInSeconds': 6822.0, 'idealEndInSeconds': 14553.6}","{'value': 77, 'qualifierKey': 'FAIR'}"
"{'qualifierKey': 'EXCELLENT', 'optimalStart': 0.0, 'optimalEnd': 15.0}","{'value': 23, 'qualifierKey': 'EXCELLENT', 'optimalStart': 16.0, 'optimalEnd': 33.0, 'idealStartInSeconds': 4549.12, 'idealEndInSeconds': 9382.56}","{'qualifierKey': 'EXCELLENT', 'optimalStart': 28200.0, 'optimalEnd': 28200.0}",2026-07-01,"{'qualifierKey': 'EXCELLENT', 'optimalStart': 0.0, 'optimalEnd': 1.0}","{'value': 29, 'qualifierKey': 'EXCELLENT', 'optimalStart': 21.0, 'optimalEnd': 31.0, 'idealStartInSeconds': 5970.72, 'idealEndInSeconds': 8813.92}","{'qualifierKey': 'EXCELLENT', 'optimalStart': 0.0, 'optimalEnd': 5.0}","{'value': 48, 'qualifierKey': 'EXCELLENT', 'optimalStart': 30.0, 'optimalEnd': 64.0, 'idealStartInSeconds': 8529.6, 'idealEndInSeconds': 18196.48}","{'value': 97, 'qualifierKey': 'EXCELLENT'}"
"{'qualifierKey': 'FAIR', 'optimalStart': 0.0, 'optimalEnd': 15.0}","{'value': 11, 'qualifierKey': 'FAIR', 'optimalStart': 16.0, 'optimalEnd': 33.0, 'idealStartInSeconds': 3264.0, 'idealEndInSeconds': 6732.0}","{'qualifierKey': 'FAIR', 'optimalStart': 28200.0, 'optimalEnd': 28200.0}",2026-07-02,"{'qualifierKey': 'FAIR', 'optimalStart': 0.0, 'optimalEnd': 1.0}","{'value': 18, 'qualifierKey': 'FAIR', 'optimalStart': 21.0, 'optimalEnd': 31.0, 'idealStartInSeconds': 4284.0, 'idealEndInSeconds': 6324.0}","{'qualifierKey': 'FAIR', 'optimalStart': 0.0, 'optimalEnd': 5.0}","{'value': 71, 'qualifierKey': 'FAIR', 'optimalStart': 30.0, 'optimalEnd': 64.0, 'idealStartInSeconds': 6120.0, 'idealEndInSeconds': 13056.0}","{'value': 68, 'qualifierKey': 'FAIR'}"
"{'qualifierKey': 'FAIR', 'optimalStart': 0.0, 'optimalEnd': 15.0}","{'value': 14, 'qualifierKey': 'FAIR', 'optimalStart': 16.0, 'optimalEnd': 33.0, 'idealStartInSeconds': 3177.6, 'idealEndInSeconds': 6553.8}","{'qualifierKey': 'FAIR', 'optimalStart': 28200.0, 'optimalEnd': 28200.0}",2026-07-03,"{'qualifierKey': 'EXCELLENT', 'optimalStart': 0.0, 'optimalEnd': 1.0}","{'value': 31, 'qualifierKey': 'FAIR', 'optimalStart': 21.0, 'optimalEnd': 31.0, 'idealStartInSeconds': 4170.6, 'idealEndInSeconds': 6156.6}","{'qualifierKey': 'EXCELLENT', 'optimalStart': 0.0, 'optimalEnd': 5.0}","{'value': 54, 'qualifierKey': 'EXCELLENT', 'optimalStart': 30.0, 'optimalEnd': 64.0, 'idealStartInSeconds': 5958.0, 'idealEndInSeconds': 12710.4}","{'value': 72, 'qualifierKey': 'FAIR'}"
"{'qualifierKey': 'EXCELLENT', 'optimalStart': 0.0, 'optimalEnd': 15.0}","{'value': 32, 'qualifierKey': 'EXCELLENT', 'optimalStart': 16.0, 'optimalEnd': 33.0, 'idealStartInSeconds': 3398.4, 'idealEndInSeconds': 7009.2}","{'qualifierKey': 'FAIR', 'optimalStart': 28200.0, 'optimalEnd': 28200.0}",2026-07-04,"{'qualifierKey': 'GOOD', 'optimalStart': 0.0, 'optimalEnd': 1.0}","{'value': 21, 'qualifierKey': 'GOOD', 'optimalStart': 21.0, 'optimalEnd': 31.0, 'idealStartInSeconds': 4460.4, 'idealEndInSeconds': 6584.4}","{'qualifierKey': 'GOOD', 'optimalStart': 0.0, 'optimalEnd': 5.0}","{'value': 47, 'qualifierKey': 'EXCELLENT', 'optimalStart': 30.0, 'optimalEnd': 64.0, 'idealStartInSeconds': 6372.0, 'idealEndInSeconds': 13593.6}","{'value': 76, 'qualifierKey': 'FAIR'}"
"{'qualifierKey': 'POOR', 'optimalStart': 0.0, 'optimalEnd': 15.0}","{'value': 6, 'qualifierKey': 'FAIR', 'optimalStart': 16.0, 'optimalEnd': 33.0, 'idealStartInSeconds': 3820.8, 'idealEndInSeconds': 7880.4}","{'qualifierKey': 'FAIR', 'optimalStart': 28200.0, 'optimalEnd': 28200.0}",2026-07-05,"{'qualifierKey': 'GOOD', 'optimalStart': 0.0, 'optimalEnd': 1.0}","{'value': 10, 'qualifierKey': 'POOR', 'optimalStart': 21.0, 'optimalEnd': 31.0, 'idealStartInSeconds': 5014.8, 'idealEndInSeconds': 7402.8}","{'qualifierKey': 'GOOD', 'optimalStart': 0.0, 'optimalEnd': 5.0}","{'value': 84, 'qualifierKey': 'POOR', 'optimalStart': 30.0, 'optimalEnd': 64.0, 'idealStartInSeconds': 7164.0, 'idealEndInSeconds': 15283.2}","{'value': 66, 'qualifierKey': 'FAIR'}"
"{'qualifierKey': 'FAIR', 'optimalStart': 0.0, 'optimalEnd': 15.0}","{'value': 26, 'qualifierKey': 'EXCELLENT', 'optimalStart': 16.0, 'optimalEnd': 33.0, 'idealStartInSeconds': 3139.2, 'idealEndInSeconds': 6474.6}","{'qualifierKey': 'POOR', 'optimalStart': 28200.0, 'optimalEnd': 28200.0}",2026-07-06,"{'qualifierKey': 'EXCELLENT', 'optimalStart': 0.0, 'optimalEnd': 1.0}","{'value': 10, 'qualifierKey': 'POOR', 'optimalStart': 21.0, 'optimalEnd': 31.0, 'idealStartInSeconds': 4120.2, 'idealEndInSeconds': 6082.2}","{'qualifierKey': 'EXCELLENT', 'optimalStart': 0.0, 'optimalEnd': 5.0}","{'value': 64, 'qualifierKey': 'GOOD', 'optimalStart': 30.0, 'optimalEnd': 64.0, 'idealStartInSeconds': 5886.0, 'idealEndInSeconds': 12556.8}","{'value': 66, 'qualifierKey': 'FAIR'}"
"{'qualifierKey': 'EXCELLENT', 'optimalStart': 0.0, 'optimalEnd': 15.0}","{'value': 18, 'qualifierKey': 'EXCELLENT', 'optimalStart': 16.0, 'optimalEnd': 33.0, 'idealStartInSeconds': 3537.6, 'idealEndInSeconds': 7296.3}","{'qualifierKey': 'FAIR', 'optimalStart': 28200.0, 'optimalEnd': 28200.0}",2026-07-07,"{'qualifierKey': 'EXCELLENT', 'optimalStart': 0.0, 'optimalEnd': 1.0}","{'value': 27, 'qualifierKey': 'EXCELLENT', 'optimalStart': 21.0, 'optimalEnd': 31.0, 'idealStartInSeconds': 4643.1, 'idealEndInSeconds': 6854.1}","{'qualifierKey': 'EXCELLENT', 'optimalStart': 0.0, 'optimalEnd': 5.0}","{'value': 55, 'qualifierKey': 'EXCELLENT', 'optimalStart': 30.0, 'optimalEnd': 64.0, 'idealStartInSeconds': 6633.0, 'idealEndInSeconds': 14150.4}","{'value': 81, 'qualifierKey': 'GOOD'}"
"{'qualifierKey': 'EXCELLENT', 'optimalStart': 0.0, 'optimalEnd': 15.0}","{'value': 20, 'qualifierKey': 'EXCELLENT', 'optimalStart': 16.0, 'optimalEnd': 33.0, 'idealStartInSeconds': 3982.72, 'idealEndInSeconds': 8214.36}","{'qualifierKey': 'FAIR', 'optimalStart': 28200.0, 'optimalEnd': 28200.0}",2026-07-08,"{'qualifierKey': 'EXCELLENT', 'optimalStart': 0.0, 'optimalEnd': 1.0}","{'value': 21, 'qualifierKey': 'GOOD', 'optimalStart': 21.0, 'optimalEnd': 31.0, 'idealStartInSeconds': 5227.32, 'idealEndInSeconds': 7716.52}","{'qualifierKey': 'GOOD', 'optimalStart': 0.0, 'optimalEnd': 5.0}","{'value': 59, 'qualifierKey': 'EXCELLENT', 'optimalStart': 30.0, 'optimalEnd': 64.0, 'idealStartInSeconds': 7467.6, 'idealEndInSeconds': 15930.88}","{'value': 85, 'qualifierKey': 'GOOD'}"
"{'qualifierKey': 'GOOD', 'optimalStart': 0.0, 'optimalEnd': 15.0}","{'value': 27, 'qualifierKey': 'EXCELLENT', 'optimalStart': 16.0, 'optimalEnd': 33.0, 'idealStartInSeconds': 3148.8, 'idealEndInSeconds': 6494.4}","{'qualifierKey': 'FAIR', 'optimalStart': 28200.0, 'optimalEnd': 28200.0}",2026-07-09,"{'qualifierKey': 'GOOD', 'optimalStart': 0.0, 'optimalEnd': 1.0}","{'value': 14, 'qualifierKey': 'FAIR', 'optimalStart': 21.0, 'optimalEnd': 31.0, 'idealStartInSeconds': 4132.8, 'idealEndInSeconds': 6100.8}","{'qualifierKey': 'GOOD', 'optimalStart': 0.0, 'optimalEnd': 5.0}","{'value': 59, 'qualifierKey': 'GOOD', 'optimalStart': 30.0, 'optimalEnd': 64.0, 'idealStartInSeconds': 5904.0, 'idealEndInSeconds': 12595.2}","{'value': 70, 'qualifierKey': 'FAIR'}"
"{'qualifierKey': 'FAIR', 'optimalStart': 0.0, 'optimalEnd': 15.0}","{'value': 24, 'qualifierKey': 'EXCELLENT', 'optimalStart': 16.0, 'optimalEnd': 33.0, 'idealStartInSeconds': 2841.6, 'idealEndInSeconds': 5860.8}","{'qualifierKey': 'POOR', 'optimalStart': 28200.0, 'optimalEnd': 28200.0}",2026-07-10,"{'qualifierKey': 'EXCELLENT', 'optimalStart': 0.0, 'optimalEnd': 1.0}","{'value': 19, 'qualifierKey': 'FAIR', 'optimalStart': 21.0, 'optimalEnd': 31.0, 'idealStartInSeconds': 3729.6, 'idealEndInSeconds': 5505.6}","{'qualifierKey': 'EXCELLENT', 'optimalStart': 0.0, 'optimalEnd': 5.0}","{'value': 56, 'qualifierKey': 'EXCELLENT', 'optimalStart': 30.0, 'optimalEnd': 64.0, 'idealStartInSeconds': 5328.0, 'idealEndInSeconds': 11366.4}","{'value': 65, 'qualifierKey': 'FAIR'}"
"{'qualifierKey': 'FAIR', 'optimalStart': 0.0, 'optimalEnd': 15.0}","{'value': 9, 'qualifierKey': 'FAIR', 'optimalStart': 16.0, 'optimalEnd': 33.0, 'idealStartInSeconds': 4243.2, 'idealEndInSeconds': 8751.6}","{'qualifierKey': 'GOOD', 'optimalStart': 28200.0, 'optimalEnd': 28200.0}",2026-07-11,"{'qualifierKey': 'EXCELLENT', 'optimalStart': 0.0, 'optimalEnd': 1.0}","{'value': 24, 'qualifierKey': 'EXCELLENT', 'optimalStart': 21.0, 'optimalEnd': 31.0, 'idealStartInSeconds': 5569.2, 'idealEndInSeconds': 8221.2}","{'qualifierKey': 'GOOD', 'optimalStart': 0.0, 'optimalEnd': 5.0}","{'value': 67, 'qualifierKey': 'FAIR', 'optimalStart': 30.0, 'optimalEnd': 64.0, 'idealStartInSeconds': 7956.0, 'idealEndInSeconds': 16972.8}","{'value': 78, 'qualifierKey': 'FAIR'}"
"{'qualifierKey': 'GOOD', 'optimalStart': 0.0, 'optimalEnd': 15.0}","{'value': 23, 'qualifierKey': 'EXCELLENT', 'optimalStart': 16.0, 'optimalEnd': 33.0, 'idealStartInSeconds': 3968.16, 'idealEndInSeconds': 8184.33}","{'qualifierKey': 'FAIR', 'optimalStart': 28200.0, 'optimalEnd': 28200.0}",2026-07-12,"{'qualifierKey': 'EXCELLENT', 'optimalStart': 0.0, 'optimalEnd': 1.0}","{'value': 17, 'qualifierKey': 'FAIR', 'optimalStart': 21.0, 'optimalEnd': 31.0, 'idealStartInSeconds': 5208.21, 'idealEndInSeconds': 7688.31}","{'qualifierKey': 'EXCELLENT', 'optimalStart': 0.0, 'optimalEnd': 5.0}","{'value': 60, 'qualifierKey': 'GOOD', 'optimalStart': 30.0, 'optimalEnd': 64.0, 'idealStartInSeconds': 7440.3, 'idealEndInSeconds': 15872.64}","{'value': 83, 'qualifierKey': 'GOOD'}"
"{'qualifierKey': 'GOOD', 'optimalStart': 0.0, 'optimalEnd': 15.0}","{'value': 29, 'qualifierKey': 'EXCELLENT', 'optimalStart': 16.0, 'optimalEnd': 33.0, 'idealStartInSeconds': 3753.6, 'idealEndInSeconds': 7741.8}","{'qualifierKey': 'FAIR', 'optimalStart': 28200.0, 'optimalEnd': 28200.0}",2026-07-13,"{'qualifierKey': 'EXCELLENT', 'optimalStart': 0.0, 'optimalEnd': 1.0}","{'value': 27, 'qualifierKey': 'EXCELLENT', 'optimalStart': 21.0, 'optimalEnd': 31.0, 'idealStartInSeconds': 4926.6, 'idealEndInSeconds': 7272.6}","{'qualifierKey': 'EXCELLENT', 'optimalStart': 0.0, 'optimalEnd': 5.0}","{'value': 45, 'qualifierKey': 'EXCELLENT', 'optimalStart': 30.0, 'optimalEnd': 64.0, 'idealStartInSeconds': 7038.0, 'idealEndInSeconds': 15014.4}","{'value': 83, 'qualifierKey': 'GOOD'}"
"{'qualifierKey': 'EXCELLENT', 'optimalStart': 0.0, 'optimalEnd': 15.0}","{'value': 13, 'qualifierKey': 'FAIR', 'optimalStart': 16.0, 'optimalEnd': 33.0, 'idealStartInSeconds': 2918.4, 'idealEndInSeconds': 6019.2}","{'qualifierKey': 'POOR', 'optimalStart': 28200.0, 'optimalEnd': 28200.0}",2026-07-14,"{'qualifierKey': 'EXCELLENT', 'optimalStart': 0.0, 'optimalEnd': 1.0}","{'value': 20, 'qualifierKey': 'FAIR', 'optimalStart': 21.0, 'optimalEnd': 31.0, 'idealStartInSeconds': 3830.4, 'idealEndInSeconds': 5654.4}","{'qualifierKey': 'EXCELLENT', 'optimalStart': 0.0, 'optimalEnd': 5.0}","{'value': 68, 'qualifierKey': 'FAIR', 'optimalStart': 30.0, 'optimalEnd': 64.0, 'idealStartInSeconds': 5472.0, 'idealEndInSeconds': 11673.6}","{'value': 66, 'qualifierKey': 'FAIR'}"
"{'qualifierKey': 'GOOD', 'optimalStart': 0.0, 'optimalEnd': 15.0}","{'value': 19, 'qualifierKey': 'EXCELLENT', 'optimalStart': 16.0, 'optimalEnd': 33.0, 'idealStartInSeconds': 3494.4, 'idealEndInSeconds': 7207.2}","{'qualifierKey': 'FAIR', 'optimalStart': 28200.0, 'optimalEnd': 28200.0}",2026-07-15,"{'qualifierKey': 'EXCELLENT', 'optimalStart': 0.0, 'optimalEnd': 1.0}","{'value': 24, 'qualifierKey': 'EXCELLENT', 'optimalStart': 21.0, 'optimalEnd': 31.0, 'idealStartInSeconds': 4586.4, 'idealEndInSeconds': 6770.4}","{'qualifierKey': 'EXCELLENT', 'optimalStart': 0.0, 'optimalEnd': 5.0}","{'value': 57, 'qualifierKey': 'EXCELLENT', 'optimalStart': 30.0, 'optimalEnd': 64.0, 'idealStartInSeconds': 6552.0, 'idealEndInSeconds': 13977.6}","{'value': 78, 'qualifierKey': 'FAIR'}"
"{'qualifierKey': 'FAIR', 'optimalStart': 0.0, 'optimalEnd': 15.0}","{'value': 21, 'qualifierKey': 'EXCELLENT', 'optimalStart': 16.0, 'optimalEnd': 33.0, 'idealStartInSeconds': 2707.2, 'idealEndInSeconds': 5583.6}","{'qualifierKey': 'POOR', 'optimalStart': 28200.0, 'optimalEnd': 28200.0}",2026-07-16,"{'qualifierKey': 'EXCELLENT', 'optimalStart': 0.0, 'optimalEnd': 1.0}","{'value': 29, 'qualifierKey': 'EXCELLENT', 'optimalStart': 21.0, 'optimalEnd': 31.0, 'idealStartInSeconds': 3553.2, 'idealEndInSeconds': 5245.2}","{'qualifierKey': 'EXCELLENT', 'optimalStart': 0.0, 'optimalEnd': 5.0}","{'value': 50, 'qualifierKey': 'EXCELLENT', 'optimalStart': 30.0, 'optimalEnd': 64.0, 'idealStartInSeconds': 5076.0, 'idealEndInSeconds': 10828.8}","{'value': 62, 'qualifierKey': 'FAIR'}"
"{'qualifierKey': 'FAIR', 'optimalStart': 0.0, 'optimalEnd': 15.0}","{'value': 16, 'qualifierKey': 'GOOD', 'optimalStart': 16.0, 'optimalEnd': 33.0, 'idealStartInSeconds': 3600.0, 'idealEndInSeconds': 7425.0}","{'qualifierKey': 'FAIR', 'optimalStart': 28200.0, 'optimalEnd': 28200.0}",2026-07-17,"{'qualifierKey': 'GOOD', 'optimalStart': 0.0, 'optimalEnd': 1.0}","{'value': 17, 'qualifierKey': 'FAIR', 'optimalStart': 21.0, 'optimalEnd': 31.0, 'idealStartInSeconds': 4725.0, 'idealEndInSeconds': 6975.0}","{'qualifierKey': 'GOOD', 'optimalStart': 0.0, 'optimalEnd': 5.0}","{'value': 67, 'qualifierKey': 'FAIR', 'optimalStart': 30.0, 'optimalEnd': 64.0, 'idealStartInSeconds': 6750.0, 'idealEndInSeconds': 14400.0}","{'value': 74, 'qualifierKey': 'FAIR'}"
"{'qualifierKey': 'FAIR', 'optimalStart': 0.0, 'optimalEnd': 15.0}","{'value': 8, 'qualifierKey': 'FAIR', 'optimalStart': 16.0, 'optimalEnd': 33.0, 'idealStartInSeconds': 3062.4, 'idealEndInSeconds': 6316.2}","{'qualifierKey': 'POOR', 'optimalStart': 28200.0, 'optimalEnd': 28200.0}",2026-07-18,"{'qualifierKey': 'FAIR', 'optimalStart': 0.0, 'optimalEnd': 1.0}","{'value': 19, 'qualifierKey': 'FAIR', 'optimalStart': 21.0, 'optimalEnd': 31.0, 'idealStartInSeconds': 4019.4, 'idealEndInSeconds': 5933.4}","{'qualifierKey': 'FAIR', 'optimalStart': 0.0, 'optimalEnd': 5.0}","{'value': 73, 'qualifierKey': 'FAIR', 'optimalStart': 30.0, 'optimalEnd': 64.0, 'idealStartInSeconds': 5742.0, 'idealEndInSeconds': 12249.6}","{'value': 64, 'qualifierKey': 'FAIR'}"
"{'qualifierKey': 'GOOD', 'optimalStart': 0.0, 'optimalEnd': 15.0}","{'value': 17, 'qualifierKey': 'GOOD', 'optimalStart': 16.0, 'optimalEnd': 33.0, 'idealStartInSeconds': 4665.6, 'idealEndInSeconds': 9622.8}","{'qualifierKey': 'EXCELLENT', 'optimalStart': 28200.0, 'optimalEnd': 28200.0}",2026-07-19,"{'qualifierKey': 'EXCELLENT', 'optimalStart': 0.0, 'optimalEnd': 1.0}","{'value': 29, 'qualifierKey': 'EXCELLENT', 'optimalStart': 21.0, 'optimalEnd': 31.0, 'idealStartInSeconds': 6123.6, 'idealEndInSeconds': 9039.6}","{'qualifierKey': 'EXCELLENT', 'optimalStart': 0.0, 'optimalEnd': 5.0}","{'value': 54, 'qualifierKey': 'EXCELLENT', 'optimalStart': 30.0, 'optimalEnd': 64.0, 'idealStartInSeconds': 8748.0, 'idealEndInSeconds': 18662.4}","{'value': 93, 'qualifierKey': 'EXCELLENT'}"
"{'qualifierKey': 'FAIR', 'optimalStart': 0.0, 'optimalEnd': 15.0}","{'value': 23, 'qualifierKey': 'EXCELLENT', 'optimalStart': 16.0, 'optimalEnd': 33.0, 'idealStartInSeconds': 2217.6, 'idealEndInSeconds': 4573.8}","{'qualifierKey': 'POOR', 'optimalStart': 28200.0, 'optimalEnd': 28200.0}",2026-07-20,"{'qualifierKey': 'EXCELLENT', 'optimalStart': 0.0, 'optimalEnd': 1.0}","{'value': 7, 'qualifierKey': 'POOR', 'optimalStart': 21.0, 'optimalEnd': 31.0, 'idealStartInSeconds': 2910.6, 'idealEndInSeconds': 4296.6}","{'qualifierKey': 'EXCELLENT', 'optimalStart': 0.0, 'optimalEnd': 5.0}","{'value': 70, 'qualifierKey': 'FAIR', 'optimalStart': 30.0, 'optimalEnd': 64.0, 'idealStartInSeconds': 4158.0, 'idealEndInSeconds': 8870.4}","{'value': 47, 'qualifierKey': 'POOR'}"
"{'qualifierKey': 'FAIR', 'optimalStart': 0.0, 'optimalEnd': 15.0}","{'value': 24, 'qualifierKey': 'EXCELLENT', 'optimalStart': 16.0, 'optimalEnd': 33.0, 'idealStartInSeconds': 4108.64, 'idealEndInSeconds': 8474.07}","{'qualifierKey': 'GOOD', 'optimalStart': 28200.0, 'optimalEnd': 28200.0}",2026-07-21,"{'qualifierKey': 'EXCELLENT', 'optimalStart': 0.0, 'optimalEnd': 1.0}","{'value': 25, 'qualifierKey': 'EXCELLENT', 'optimalStart': 21.0, 'optimalEnd': 31.0, 'idealStartInSeconds': 5392.59, 'idealEndInSeconds': 7960.49}","{'qualifierKey': 'EXCELLENT', 'optimalStart': 0.0, 'optimalEnd': 5.0}","{'value': 51, 'qualifierKey': 'EXCELLENT', 'optimalStart': 30.0, 'optimalEnd': 64.0, 'idealStartInSeconds': 7703.7, 'idealEndInSeconds': 16434.56}","{'value': 84, 'qualifierKey': 'GOOD'}"
"{'qualifierKey': 'GOOD', 'optimalStart': 0.0, 'optimalEnd': 15.0}","{'value': 26, 'qualifierKey': 'EXCELLENT', 'optimalStart': 16.0, 'optimalEnd': 33.0, 'idealStartInSeconds': 3660.48, 'idealEndInSeconds': 7549.74}","{'qualifierKey': 'FAIR', 'optimalStart': 28200.0, 'optimalEnd': 28200.0}",2026-07-22,"{'qualifierKey': 'EXCELLENT', 'optimalStart': 0.0, 'optimalEnd': 1.0}","{'value': 24, 'qualifierKey': 'EXCELLENT', 'optimalStart': 21.0, 'optimalEnd': 31.0, 'idealStartInSeconds': 4804.38, 'idealEndInSeconds': 7092.18}","{'qualifierKey': 'EXCELLENT', 'optimalStart': 0.0, 'optimalEnd': 5.0}","{'value': 50, 'qualifierKey': 'EXCELLENT', 'optimalStart': 30.0, 'optimalEnd': 64.0, 'idealStartInSeconds': 6863.4, 'idealEndInSeconds': 14641.92}","{'value': 82, 'qualifierKey': 'GOOD'}"
"{'qualifierKey': 'EXCELLENT', 'optimalStart': 0.0, 'optimalEnd': 15.0}","{'value': 25, 'qualifierKey': 'EXCELLENT', 'optimalStart': 16.0, 'optimalEnd': 33.0, 'idealStartInSeconds': 3398.4, 'idealEndInSeconds': 7009.2}","{'qualifierKey': 'FAIR', 'optimalStart': 28200.0, 'optimalEnd': 28200.0}",2026-07-23,"{'qualifierKey': 'EXCELLENT', 'optimalStart': 0.0, 'optimalEnd': 1.0}","{'value': 17, 'qualifierKey': 'FAIR', 'optimalStart': 21.0, 'optimalEnd': 31.0, 'idealStartInSeconds': 4460.4, 'idealEndInSeconds': 6584.4}","{'qualifierKey': 'EXCELLENT', 'optimalStart': 0.0, 'optimalEnd': 5.0}","{'value': 58, 'qualifierKey': 'EXCELLENT', 'optimalStart': 30.0, 'optimalEnd': 64.0, 'idealStartInSeconds': 6372.0, 'idealEndInSeconds': 13593.6}","{'value': 76, 'qualifierKey': 'FAIR'}"
"{'qualifierKey': 'GOOD', 'optimalStart': 0.0, 'optimalEnd': 15.0}","{'value': 15, 'qualifierKey': 'FAIR', 'optimalStart': 16.0, 'optimalEnd': 33.0, 'idealStartInSeconds': 3148.8, 'idealEndInSeconds': 6494.4}","{'qualifierKey': 'FAIR', 'optimalStart': 28200.0, 'optimalEnd': 28200.0}",2026-07-24,"{'qualifierKey': 'EXCELLENT', 'optimalStart': 0.0, 'optimalEnd': 1.0}","{'value': 20, 'qualifierKey': 'FAIR', 'optimalStart': 21.0, 'optimalEnd': 31.0, 'idealStartInSeconds': 4132.8, 'idealEndInSeconds': 6100.8}","{'qualifierKey': 'EXCELLENT', 'optimalStart': 0.0, 'optimalEnd': 5.0}","{'value': 65, 'qualifierKey': 'FAIR', 'optimalStart': 30.0, 'optimalEnd': 64.0, 'idealStartInSeconds': 5904.0, 'idealEndInSeconds': 12595.2}","{'value': 72, 'qualifierKey': 'FAIR'}"
"{'qualifierKey': 'FAIR', 'optimalStart': 0.0, 'optimalEnd': 15.0}","{'value': 14, 'qualifierKey': 'FAIR', 'optimalStart': 16.0, 'optimalEnd': 33.0, 'idealStartInSeconds': 3676.8, 'idealEndInSeconds': 7583.4}","{'qualifierKey': 'FAIR', 'optimalStart': 28200.0, 'optimalEnd': 28200.0}",2026-07-25,"{'qualifierKey': 'EXCELLENT', 'optimalStart': 0.0, 'optimalEnd': 1.0}","{'value': 35, 'qualifierKey': 'FAIR', 'optimalStart': 21.0, 'optimalEnd': 31.0, 'idealStartInSeconds': 4825.8, 'idealEndInSeconds': 7123.8}","{'qualifierKey': 'EXCELLENT', 'optimalStart': 0.0, 'optimalEnd': 5.0}","{'value': 51, 'qualifierKey': 'EXCELLENT', 'optimalStart': 30.0, 'optimalEnd': 64.0, 'idealStartInSeconds': 6894.0, 'idealEndInSeconds': 14707.2}","{'value': 75, 'qualifierKey': 'FAIR'}"
"{'qualifierKey': 'EXCELLENT', 'optimalStart': 0.0, 'optimalEnd': 15.0}","{'value': 14, 'qualifierKey': 'FAIR', 'optimalStart': 16.0, 'optimalEnd': 33.0, 'idealStartInSeconds': 3763.2, 'idealEndInSeconds': 7761.6}","{'qualifierKey': 'FAIR', 'optimalStart': 28200.0, 'optimalEnd': 28200.0}",2026-07-26,"{'qualifierKey': 'EXCELLENT', 'optimalStart': 0.0, 'optimalEnd': 1.0}","{'value': 24, 'qualifierKey': 'EXCELLENT', 'optimalStart': 21.0, 'optimalEnd': 31.0, 'idealStartInSeconds': 4939.2, 'idealEndInSeconds': 7291.2}","{'qualifierKey': 'EXCELLENT', 'optimalStart': 0.0, 'optimalEnd': 5.0}","{'value': 62, 'qualifierKey': 'GOOD', 'optimalStart': 30.0, 'optimalEnd': 64.0, 'idealStartInSeconds': 7056.0, 'idealEndInSeconds': 15052.8}","{'value': 81, 'qualifierKey': 'GOOD'}"
"{'qualifierKey': 'FAIR', 'optimalStart': 0.0, 'optimalEnd': 15.0}","{'value': 18, 'qualifierKey': 'EXCELLENT', 'optimalStart': 16.0, 'optimalEnd': 33.0, 'idealStartInSeconds': 2918.4, 'idealEndInSeconds': 6019.2}","{'qualifierKey': 'POOR', 'optimalStart': 28200.0, 'optimalEnd': 28200.0}",2026-07-27,"{'qualifierKey': 'EXCELLENT', 'optimalStart': 0.0, 'optimalEnd': 1.0}","{'value': 28, 'qualifierKey': 'EXCELLENT', 'optimalStart': 21.0, 'optimalEnd': 31.0, 'idealStartInSeconds': 3830.4, 'idealEndInSeconds': 5654.4}","{'qualifierKey': 'EXCELLENT', 'optimalStart': 0.0, 'optimalEnd': 5.0}","{'value': 53, 'qualifierKey': 'EXCELLENT', 'optimalStart': 30.0, 'optimalEnd': 64.0, 'idealStartInSeconds': 5472.0, 'idealEndInSeconds': 11673.6}","{'value': 65, 'qualifierKey': 'FAIR'}"
"{'qualifierKey': 'EXCELLENT', 'optimalStart': 0.0, 'optimalEnd': 15.0}","{'value': 15, 'qualifierKey': 'FAIR', 'optimalStart': 16.0, 'optimalEnd': 33.0, 'idealStartInSeconds': 4512.0, 'idealEndInSeconds': 9306.0}","{'qualifierKey': 'EXCELLENT', 'optimalStart': 28200.0, 'optimalEnd': 28200.0}",2026-07-28,"{'qualifierKey': 'GOOD', 'optimalStart': 0.0, 'optimalEnd': 1.0}","{'value': 27, 'qualifierKey': 'EXCELLENT', 'optimalStart': 21.0, 'optimalEnd': 31.0, 'idealStartInSeconds': 5922.0, 'idealEndInSeconds': 8742.0}","{'qualifierKey': 'GOOD', 'optimalStart': 0.0, 'optimalEnd': 5.0}","{'value': 58, 'qualifierKey': 'EXCELLENT', 'optimalStart': 30.0, 'optimalEnd': 64.0, 'idealStartInSeconds': 8460.0, 'idealEndInSeconds': 18048.0}","{'value': 91, 'qualifierKey': 'EXCELLENT'}"
"{'qualifierKey': 'GOOD', 'optimalStart': 0.0, 'optimalEnd': 15.0}","{'value': 26, 'qualifierKey': 'EXCELLENT', 'optimalStart': 16.0, 'optimalEnd': 33.0, 'idealStartInSeconds': 3969.92, 'idealEndInSeconds': 8187.96}","{'qualifierKey': 'FAIR', 'optimalStart': 28200.0, 'optimalEnd': 28200.0}",2026-07-29,"{'qualifierKey': 'EXCELLENT', 'optimalStart': 0.0, 'optimalEnd': 1.0}","{'value': 23, 'qualifierKey': 'EXCELLENT', 'optimalStart': 21.0, 'optimalEnd': 31.0, 'idealStartInSeconds': 5210.52, 'idealEndInSeconds': 7691.72}","{'qualifierKey': 'EXCELLENT', 'optimalStart': 0.0, 'optimalEnd': 5.0}","{'value': 52, 'qualifierKey': 'EXCELLENT', 'optimalStart': 30.0, 'optimalEnd': 64.0, 'idealStartInSeconds': 7443.6, 'idealEndInSeconds': 15879.68}","{'value': 83, 'qualifierKey': 'GOOD'}"
"{'qualifierKey': 'EXCELLENT', 'optimalStart': 0.0, 'optimalEnd': 15.0}","{'value': 19, 'qualifierKey': 'EXCELLENT', 'optimalStart': 16.0, 'optimalEnd': 33.0, 'idealStartInSeconds': 3177.6, 'idealEndInSeconds': 6553.8}","{'qualifierKey': 'FAIR', 'optimalStart': 28200.0, 'optimalEnd': 28200.0}",2026-07-30,"{'qualifierKey': 'GOOD', 'optimalStart': 0.0, 'optimalEnd': 1.0}","{'value': 18, 'qualifierKey': 'FAIR', 'optimalStart': 21.0, 'optimalEnd': 31.0, 'idealStartInSeconds': 4170.6, 'idealEndInSeconds': 6156.6}","{'qualifierKey': 'GOOD', 'optimalStart': 0.0, 'optimalEnd': 5.0}","{'value': 64, 'qualifierKey': 'GOOD', 'optimalStart': 30.0, 'optimalEnd': 64.0, 'idealStartInSeconds': 5958.0, 'idealEndInSeconds': 12710.4}","{'value': 72, 'qualifierKey': 'FAIR'}"
"{'qualifierKey': 'EXCELLENT', 'optimalStart': 0.0, 'optimalEnd': 15.0}","{'value': 23, 'qualifierKey': 'EXCELLENT', 'optimalStart': 16.0, 'optimalEnd': 33.0, 'idealStartInSeconds': 4288.48, 'idealEndInSeconds': 8844.99}","{'qualifierKey': 'EXCELLENT', 'optimalStart': 28200.0, 'optimalEnd': 28200.0}",2026-07-31,"{'qualifierKey': 'EXCELLENT', 'optimalStart': 0.0, 'optimalEnd': 1.0}","{'value': 26, 'qualifierKey': 'EXCELLENT', 'optimalStart': 21.0, 'optimalEnd': 31.0, 'idealStartInSeconds': 5628.63, 'idealEndInSeconds': 8308.93}","{'qualifierKey': 'EXCELLENT', 'optimalStart': 0.0, 'optimalEnd': 5.0}","{'value': 52, 'qualifierKey': 'EXCELLENT', 'optimalStart': 30.0, 'optimalEnd': 64.0, 'idealStartInSeconds': 8040.9, 'idealEndInSeconds': 17153.92}","{'value': 94, 'qualifierKey': 'EXCELLENT'}"
"{'qualifierKey': 'EXCELLENT', 'optimalStart': 0.0, 'optimalEnd': 15.0}","{'value': 16, 'qualifierKey': 'GOOD', 'optimalStart': 16.0, 'optimalEnd': 33.0, 'idealStartInSeconds': 4211.68, 'idealEndInSeconds': 8686.59}","{'qualifierKey': 'GOOD', 'optimalStart': 28200.0, 'optimalEnd': 28200.0}",2026-08-01,"{'qualifierKey': 'GOOD', 'optimalStart': 0.0, 'optimalEnd': 1.0}","{'value': 24, 'qualifierKey': 'EXCELLENT', 'optimalStart': 21.0, 'optimalEnd': 31.0, 'idealStartInSeconds': 5527.83, 'idealEndInSeconds': 8160.13}","{'qualifierKey': 'GOOD', 'optimalStart': 0.0, 'optimalEnd': 5.0}","{'value': 59, 'qualifierKey': 'GOOD', 'optimalStart': 30.0, 'optimalEnd': 64.0, 'idealStartInSeconds': 7896.9, 'idealEndInSeconds': 16846.72}","{'value': 88, 'qualifierKey': 'GOOD'}"
"{'qualifierKey': 'FAIR', 'optimalStart': 0.0, 'optimalEnd': 15.0}","{'value': 20, 'qualifierKey': 'EXCELLENT', 'optimalStart': 16.0, 'optimalEnd': 33.0, 'idealStartInSeconds': 4022.4, 'idealEndInSeconds': 8296.2}","{'qualifierKey': 'FAIR', 'optimalStart': 28200.0, 'optimalEnd': 28200.0}",2026-08-02,"{'qualifierKey': 'EXCELLENT', 'optimalStart': 0.0, 'optimalEnd': 1.0}","{'value': 25, 'qualifierKey': 'EXCELLENT', 'optimalStart': 21.0, 'optimalEnd': 31.0, 'idealStartInSeconds': 5279.4, 'idealEndInSeconds': 7793.4}","{'qualifierKey': 'EXCELLENT', 'optimalStart': 0.0, 'optimalEnd': 5.0}","{'value': 55, 'qualifierKey': 'EXCELLENT', 'optimalStart': 30.0, 'optimalEnd': 64.0, 'idealStartInSeconds': 7542.0, 'idealEndInSeconds': 16089.6}","{'value': 84, 'qualifierKey': 'GOOD'}"
"{'qualifierKey': 'GOOD', 'optimalStart': 0.0, 'optimalEnd': 15.0}","{'value': 21, 'qualifierKey': 'EXCELLENT', 'optimalStart': 16.0, 'optimalEnd': 33.0, 'idealStartInSeconds': 3633.6, 'idealEndInSeconds': 7494.3}","{'qualifierKey': 'FAIR', 'optimalStart': 28200.0, 'optimalEnd': 28200.0}",2026-08-03,"{'qualifierKey': 'EXCELLENT', 'optimalStart': 0.0, 'optimalEnd': 1.0}","{'value': 21, 'qualifierKey': 'FAIR', 'optimalStart': 21.0, 'optimalEnd': 31.0, 'idealStartInSeconds': 4769.1, 'idealEndInSeconds': 7040.1}","{'qualifierKey': 'EXCELLENT', 'optimalStart': 0.0, 'optimalEnd': 5.0}","{'value': 59, 'qualifierKey': 'EXCELLENT', 'optimalStart': 30.0, 'optimalEnd': 64.0, 'idealStartInSeconds': 6813.0, 'idealEndInSeconds': 14534.4}","{'value': 79, 'qualifierKey': 'FAIR'}"
"{'qualifierKey': 'EXCELLENT', 'optimalStart': 0.0, 'optimalEnd': 15.0}","{'value': 29, 'qualifierKey': 'EXCELLENT', 'optimalStart': 16.0, 'optimalEnd': 33.0, 'idealStartInSeconds': 3321.6, 'idealEndInSeconds': 6850.8}","{'qualifierKey': 'FAIR', 'optimalStart': 28200.0, 'optimalEnd': 28200.0}",2026-08-04,"{'qualifierKey': 'EXCELLENT', 'optimalStart': 0.0, 'optimalEnd': 1.0}","{'value': 34, 'qualifierKey': 'FAIR', 'optimalStart': 21.0, 'optimalEnd': 31.0, 'idealStartInSeconds': 4359.6, 'idealEndInSeconds': 6435.6}","{'qualifierKey': 'EXCELLENT', 'optimalStart': 0.0, 'optimalEnd': 5.0}","{'value': 37, 'qualifierKey': 'EXCELLENT', 'optimalStart': 30.0, 'optimalEnd': 64.0, 'idealStartInSeconds': 6228.0, 'idealEndInSeconds': 13286.4}","{'value': 76, 'qualifierKey': 'FAIR'}"
"{'qualifierKey': 'EXCELLENT', 'optimalStart': 0.0, 'optimalEnd': 15.0}","{'value': 21, 'qualifierKey': 'EXCELLENT', 'optimalStart': 16.0, 'optimalEnd': 33.0, 'idealStartInSeconds': 4485.92, 'idealEndInSeconds': 9252.21}","{'qualifierKey': 'EXCELLENT', 'optimalStart': 28200.0, 'optimalEnd': 28200.0}",2026-08-05,"{'qualifierKey': 'GOOD', 'optimalStart': 0.0, 'optimalEnd': 1.0}","{'value': 21, 'qualifierKey': 'FAIR', 'optimalStart': 21.0, 'optimalEnd': 31.0, 'idealStartInSeconds': 5887.77, 'idealEndInSeconds': 8691.47}","{'qualifierKey': 'GOOD', 'optimalStart': 0.0, 'optimalEnd': 5.0}","{'value': 59, 'qualifierKey': 'GOOD', 'optimalStart': 30.0, 'optimalEnd': 64.0, 'idealStartInSeconds': 8411.1, 'idealEndInSeconds': 17943.68}","{'value': 92, 'qualifierKey': 'EXCELLENT'}"
"{'qualifierKey': 'FAIR', 'optimalStart': 0.0, 'optimalEnd': 15.0}","{'value': 23, 'qualifierKey': 'EXCELLENT', 'optimalStart': 16.0, 'optimalEnd': 33.0, 'idealStartInSeconds': 3340.8, 'idealEndInSeconds': 6890.4}","{'qualifierKey': 'FAIR', 'optimalStart': 28200.0, 'optimalEnd': 28200.0}",2026-08-06,"{'qualifierKey': 'FAIR', 'optimalStart': 0.0, 'optimalEnd': 1.0}","{'value': 39, 'qualifierKey': 'FAIR', 'optimalStart': 21.0, 'optimalEnd': 31.0, 'idealStartInSeconds': 4384.8, 'idealEndInSeconds': 6472.8}","{'qualifierKey': 'FAIR', 'optimalStart': 0.0, 'optimalEnd': 5.0}","{'value': 38, 'qualifierKey': 'EXCELLENT', 'optimalStart': 30.0, 'optimalEnd': 64.0, 'idealStartInSeconds': 6264.0, 'idealEndInSeconds': 13363.2}","{'value': 70, 'qualifierKey': 'FAIR'}"
"{'qualifierKey': 'FAIR', 'optimalStart': 0.0, 'optimalEnd': 15.0}","{'value': 16, 'qualifierKey': 'GOOD', 'optimalStart': 16.0, 'optimalEnd': 33.0, 'idealStartInSeconds': 3782.4, 'idealEndInSeconds': 7801.2}","{'qualifierKey': 'FAIR', 'optimalStart': 28200.0, 'optimalEnd': 28200.0}",2026-08-07,"{'qualifierKey': 'FAIR', 'optimalStart': 0.0, 'optimalEnd': 1.0}","{'value': 13, 'qualifierKey': 'FAIR', 'optimalStart': 21.0, 'optimalEnd': 31.0, 'idealStartInSeconds': 4964.4, 'idealEndInSeconds': 7328.4}","{'qualifierKey': 'FAIR', 'optimalStart': 0.0, 'optimalEnd': 5.0}","{'value': 70, 'qualifierKey': 'FAIR', 'optimalStart': 30.0, 'optimalEnd': 64.0, 'idealStartInSeconds': 7092.0, 'idealEndInSeconds': 15129.6}","{'value': 72, 'qualifierKey': 'FAIR'}"
"{'qualifierKey': 'EXCELLENT', 'optimalStart': 0.0, 'optimalEnd': 15.0}","{'value': 32, 'qualifierKey': 'EXCELLENT', 'optimalStart': 16.0, 'optimalEnd': 33.0, 'idealStartInSeconds': 3590.4, 'idealEndInSeconds': 7405.2}","{'qualifierKey': 'FAIR', 'optimalStart': 28200.0, 'optimalEnd': 28200.0}",2026-08-08,"{'qualifierKey': 'FAIR', 'optimalStart': 0.0, 'optimalEnd': 1.0}","{'value': 26, 'qualifierKey': 'EXCELLENT', 'optimalStart': 21.0, 'optimalEnd': 31.0, 'idealStartInSeconds': 4712.4, 'idealEndInSeconds': 6956.4}","{'qualifierKey': 'FAIR', 'optimalStart': 0.0, 'optimalEnd': 5.0}","{'value': 43, 'qualifierKey': 'EXCELLENT', 'optimalStart': 30.0, 'optimalEnd': 64.0, 'idealStartInSeconds': 6732.0, 'idealEndInSeconds': 14361.6}","{'value': 79, 'qualifierKey': 'FAIR'}"
"{'qualifierKey': 'FAIR', 'optimalStart': 0.0, 'optimalEnd': 15.0}","{'value': 11, 'qualifierKey': 'FAIR', 'optimalStart': 16.0, 'optimalEnd': 33.0, 'idealStartInSeconds': 3964.8, 'idealEndInSeconds': 8177.4}","{'qualifierKey': 'FAIR', 'optimalStart': 28200.0, 'optimalEnd': 28200.0}",2026-08-09,"{'qualifierKey': 'EXCELLENT', 'optimalStart': 0.0, 'optimalEnd': 1.0}","{'value': 25, 'qualifierKey': 'EXCELLENT', 'optimalStart': 21.0, 'optimalEnd': 31.0, 'idealStartInSeconds': 5203.8, 'idealEndInSeconds': 7681.8}","{'qualifierKey': 'EXCELLENT', 'optimalStart': 0.0, 'optimalEnd': 5.0}","{'value': 64, 'qualifierKey': 'GOOD', 'optimalStart': 30.0, 'optimalEnd': 64.0, 'idealStartInSeconds': 7434.0, 'idealEndInSeconds': 15859.2}","{'value': 80, 'qualifierKey': 'GOOD'}"
"{'qualifierKey': 'FAIR', 'optimalStart': 0.0, 'optimalEnd': 15.0}","{'value': 25, 'qualifierKey': 'EXCELLENT', 'optimalStart': 16.0, 'optimalEnd': 33.0, 'idealStartInSeconds': 3619.2, 'idealEndInSeconds': 7464.6}","{'qualifierKey': 'FAIR', 'optimalStart': 28200.0, 'optimalEnd': 28200.0}",2026-08-10,"{'qualifierKey': 'EXCELLENT', 'optimalStart': 0.0, 'optimalEnd': 1.0}","{'value': 21, 'qualifierKey': 'GOOD', 'optimalStart': 21.0, 'optimalEnd': 31.0, 'idealStartInSeconds': 4750.2, 'idealEndInSeconds': 7012.2}","{'qualifierKey': 'EXCELLENT', 'optimalStart': 0.0, 'optimalEnd': 5.0}","{'value': 53, 'qualifierKey': 'EXCELLENT', 'optimalStart': 30.0, 'optimalEnd': 64.0, 'idealStartInSeconds': 6786.0, 'idealEndInSeconds': 14476.8}","{'value': 78, 'qualifierKey': 'FAIR'}"
"{'qualifierKey': 'EXCELLENT', 'optimalStart': 0.0, 'optimalEnd': 15.0}","{'value': 18, 'qualifierKey': 'GOOD', 'optimalStart': 16.0, 'optimalEnd': 33.0, 'idealStartInSeconds': 3820.8, 'idealEndInSeconds': 7880.4}","{'qualifierKey': 'FAIR', 'optimalStart': 28200.0, 'optimalEnd': 28200.0}",2026-08-11,"{'qualifierKey': 'EXCELLENT', 'optimalStart': 0.0, 'optimalEnd': 1.0}","{'value': 32, 'qualifierKey': 'FAIR', 'optimalStart': 21.0, 'optimalEnd': 31.0, 'idealStartInSeconds': 5014.8, 'idealEndInSeconds': 7402.8}","{'qualifierKey': 'EXCELLENT', 'optimalStart': 0.0, 'optimalEnd': 5.0}","{'value': 50, 'qualifierKey': 'EXCELLENT', 'optimalStart': 30.0, 'optimalEnd': 64.0, 'idealStartInSeconds': 7164.0, 'idealEndInSeconds': 15283.2}","{'value': 83, 'qualifierKey': 'GOOD'}"
"{'qualifierKey': 'GOOD', 'optimalStart': 0.0, 'optimalEnd': 15.0}","{'value': 28, 'qualifierKey': 'EXCELLENT', 'optimalStart': 16.0, 'optimalEnd': 33.0, 'idealStartInSeconds': 3206.4, 'idealEndInSeconds': 6613.2}","{'qualifierKey': 'FAIR', 'optimalStart': 28200.0, 'optimalEnd': 28200.0}",2026-08-12,"{'qualifierKey': 'EXCELLENT', 'optimalStart': 0.0, 'optimalEnd': 1.0}","{'value': 23, 'qualifierKey': 'EXCELLENT', 'optimalStart': 21.0, 'optimalEnd': 31.0, 'idealStartInSeconds': 4208.4, 'idealEndInSeconds': 6212.4}","{'qualifierKey': 'EXCELLENT', 'optimalStart': 0.0, 'optimalEnd': 5.0}","{'value': 49, 'qualifierKey': 'EXCELLENT', 'optimalStart': 30.0, 'optimalEnd': 64.0, 'idealStartInSeconds': 6012.0, 'idealEndInSeconds': 12825.6}","{'value': 73, 'qualifierKey': 'FAIR'}"
"{'qualifierKey': 'FAIR', 'optimalStart': 0.0, 'optimalEnd': 15.0}","{'value': 20, 'qualifierKey': 'EXCELLENT', 'optimalStart': 16.0, 'optimalEnd': 33.0, 'idealStartInSeconds': 3129.6, 'idealEndInSeconds': 6454.8}","{'qualifierKey': 'FAIR', 'optimalStart': 28200.0, 'optimalEnd': 28200.0}",2026-08-13,"{'qualifierKey': 'EXCELLENT', 'optimalStart': 0.0, 'optimalEnd': 1.0}","{'value': 21, 'qualifierKey': 'GOOD', 'optimalStart': 21.0, 'optimalEnd': 31.0, 'idealStartInSeconds': 4107.6, 'idealEndInSeconds': 6063.6}","{'qualifierKey': 'EXCELLENT', 'optimalStart': 0.0, 'optimalEnd': 5.0}","{'value': 58, 'qualifierKey': 'GOOD', 'optimalStart': 30.0, 'optimalEnd': 64.0, 'idealStartInSeconds': 5868.0, 'idealEndInSeconds': 12518.4}","{'value': 69, 'qualifierKey': 'FAIR'}"
"{'qualifierKey': 'EXCELLENT', 'optimalStart': 0.0, 'optimalEnd': 15.0}","{'value': 17, 'qualifierKey': 'GOOD', 'optimalStart': 16.0, 'optimalEnd': 33.0, 'idealStartInSeconds': 3628.8, 'idealEndInSeconds': 7484.4}","{'qualifierKey': 'FAIR', 'optimalStart': 28200.0, 'optimalEnd': 28200.0}",2026-08-14,"{'qualifierKey': 'FAIR', 'optimalStart': 0.0, 'optimalEnd': 1.0}","{'value': 14, 'qualifierKey': 'FAIR', 'optimalStart': 21.0, 'optimalEnd': 31.0, 'idealStartInSeconds': 4762.8, 'idealEndInSeconds': 7030.8}","{'qualifierKey': 'FAIR', 'optimalStart': 0.0, 'optimalEnd': 5.0}","{'value': 69, 'qualifierKey': 'FAIR', 'optimalStart': 30.0, 'optimalEnd': 64.0, 'idealStartInSeconds': 6804.0, 'idealEndInSeconds': 14515.2}","{'value': 74, 'qualifierKey': 'FAIR'}"
"{'qualifierKey': 'EXCELLENT', 'optimalStart': 0.0, 'optimalEnd': 15.0}","{'value': 21, 'qualifierKey': 'EXCELLENT', 'optimalStart': 16.0, 'optimalEnd': 33.0, 'idealStartInSeconds': 3715.2, 'idealEndInSeconds': 7662.6}","{'qualifierKey': 'FAIR', 'optimalStart': 28200.0, 'optimalEnd': 28200.0}",2026-08-15,"{'qualifierKey': 'EXCELLENT', 'optimalStart': 0.0, 'optimalEnd': 1.0}","{'value': 15, 'qualifierKey': 'FAIR', 'optimalStart': 21.0, 'optimalEnd': 31.0, 'idealStartInSeconds': 4876.2, 'idealEndInSeconds': 7198.2}","{'qualifierKey': 'EXCELLENT', 'optimalStart': 0.0, 'optimalEnd': 5.0}","{'value': 65, 'qualifierKey': 'FAIR', 'optimalStart': 30.0, 'optimalEnd': 64.0, 'idealStartInSeconds': 6966.0, 'idealEndInSeconds': 14860.8}","{'value': 80, 'qualifierKey': 'GOOD'}"
"{'qualifierKey': 'FAIR', 'optimalStart': 0.0, 'optimalEnd': 15.0}","{'value': 14, 'qualifierKey': 'FAIR', 'optimalStart': 16.0, 'optimalEnd': 33.0, 'idealStartInSeconds': 4233.6, 'idealEndInSeconds': 8731.8}","{'qualifierKey': 'GOOD', 'optimalStart': 28200.0, 'optimalEnd': 28200.0}",2026-08-16,"{'qualifierKey': 'GOOD', 'optimalStart': 0.0, 'optimalEnd': 1.0}","{'value': 17, 'qualifierKey': 'FAIR', 'optimalStart': 21.0, 'optimalEnd': 31.0, 'idealStartInSeconds': 5556.6, 'idealEndInSeconds': 8202.6}","{'qualifierKey': 'GOOD', 'optimalStart': 0.0, 'optimalEnd': 5.0}","{'value': 70, 'qualifierKey': 'FAIR', 'optimalStart': 30.0, 'optimalEnd': 64.0, 'idealStartInSeconds': 7938.0, 'idealEndInSeconds': 16934.4}","{'value': 81, 'qualifierKey': 'GOOD'}"
"{'qualifierKey': 'GOOD', 'optimalStart': 0.0, 'optimalEnd': 15.0}","{'value': 12, 'qualifierKey': 'FAIR', 'optimalStart': 16.0, 'optimalEnd': 33.0, 'idealStartInSeconds': 3331.2, 'idealEndInSeconds': 6870.6}","{'qualifierKey': 'FAIR', 'optimalStart': 28200.0, 'optimalEnd': 28200.0}",2026-08-17,"{'qualifierKey': 'EXCELLENT', 'optimalStart': 0.0, 'optimalEnd': 1.0}","{'value': 24, 'qualifierKey': 'EXCELLENT', 'optimalStart': 21.0, 'optimalEnd': 31.0, 'idealStartInSeconds': 4372.2, 'idealEndInSeconds': 6454.2}","{'qualifierKey': 'EXCELLENT', 'optimalStart': 0.0, 'optimalEnd': 5.0}","{'value': 64, 'qualifierKey': 'GOOD', 'optimalStart': 30.0, 'optimalEnd': 64.0, 'idealStartInSeconds': 6246.0, 'idealEndInSeconds': 13324.8}","{'value': 74, 'qualifierKey': 'FAIR'}"
"{'qualifierKey': 'FAIR', 'optimalStart': 0.0, 'optimalEnd': 15.0}","{'value': 23, 'qualifierKey': 'EXCELLENT', 'optimalStart': 16.0, 'optimalEnd': 33.0, 'idealStartInSeconds': 3187.2, 'idealEndInSeconds': 6573.6}","{'qualifierKey': 'FAIR', 'optimalStart': 28200.0, 'optimalEnd': 28200.0}",2026-08-18,"{'qualifierKey': 'FAIR', 'optimalStart': 0.0, 'optimalEnd': 1.0}","{'value': 12, 'qualifierKey': 'FAIR', 'optimalStart': 21.0, 'optimalEnd': 31.0, 'idealStartInSeconds': 4183.2, 'idealEndInSeconds': 6175.2}","{'qualifierKey': 'FAIR', 'optimalStart': 0.0, 'optimalEnd': 5.0}","{'value': 64, 'qualifierKey': 'FAIR', 'optimalStart': 30.0, 'optimalEnd': 64.0, 'idealStartInSeconds': 5976.0, 'idealEndInSeconds': 12748.8}","{'value': 66, 'qualifierKey': 'FAIR'}"
"{'qualifierKey': 'EXCELLENT', 'optimalStart': 0.0, 'optimalEnd': 15.0}","{'value': 26, 'qualifierKey': 'EXCELLENT', 'optimalStart': 16.0, 'optimalEnd': 33.0, 'idealStartInSeconds': 3261.6, 'idealEndInSeconds': 6727.05}","{'qualifierKey': 'FAIR', 'optimalStart': 28200.0, 'optimalEnd': 28200.0}",2026-08-19,"{'qualifierKey': 'EXCELLENT', 'optimalStart': 0.0, 'optimalEnd': 1.0}","{'value': 26, 'qualifierKey': 'EXCELLENT', 'optimalStart': 21.0, 'optimalEnd': 31.0, 'idealStartInSeconds': 4280.85, 'idealEndInSeconds': 6319.35}","{'qualifierKey': 'EXCELLENT', 'optimalStart': 0.0, 'optimalEnd': 5.0}","{'value': 48, 'qualifierKey': 'EXCELLENT', 'optimalStart': 30.0, 'optimalEnd': 64.0, 'idealStartInSeconds': 6115.5, 'idealEndInSeconds': 13046.4}","{'value': 76, 'qualifierKey': 'FAIR'}"
"{'qualifierKey': 'FAIR', 'optimalStart': 0.0, 'optimalEnd': 15.0}","{'value': 28, 'qualifierKey': 'EXCELLENT', 'optimalStart': 16.0, 'optimalEnd': 33.0, 'idealStartInSeconds': 2073.6, 'idealEndInSeconds': 4276.8}","{'qualifierKey': 'POOR', 'optimalStart': 28200.0, 'optimalEnd': 28200.0}",2026-08-20,"{'qualifierKey': 'GOOD', 'optimalStart': 0.0, 'optimalEnd': 1.0}","{'value': 8, 'qualifierKey': 'POOR', 'optimalStart': 21.0, 'optimalEnd': 31.0, 'idealStartInSeconds': 2721.6, 'idealEndInSeconds': 4017.6}","{'qualifierKey': 'GOOD', 'optimalStart': 0.0, 'optimalEnd': 5.0}","{'value': 64, 'qualifierKey': 'GOOD', 'optimalStart': 30.0, 'optimalEnd': 64.0, 'idealStartInSeconds': 3888.0, 'idealEndInSeconds': 8294.4}","{'value': 46, 'qualifierKey': 'POOR'}"
"{'qualifierKey': 'GOOD', 'optimalStart': 0.0, 'optimalEnd': 15.0}","{'value': 11, 'qualifierKey': 'FAIR', 'optimalStart': 16.0, 'optimalEnd': 33.0, 'idealStartInSeconds': 4608.0, 'idealEndInSeconds': 9504.0}","{'qualifierKey': 'EXCELLENT', 'optimalStart': 28200.0, 'optimalEnd': 28200.0}",2026-08-21,"{'qualifierKey': 'FAIR', 'optimalStart': 0.0, 'optimalEnd': 1.0}","{'value': 22, 'qualifierKey': 'GOOD', 'optimalStart': 21.0, 'optimalEnd': 31.0, 'idealStartInSeconds': 6048.0, 'idealEndInSeconds': 8928.0}","{'qualifierKey': 'FAIR', 'optimalStart': 0.0, 'optimalEnd': 5.0}","{'value': 67, 'qualifierKey': 'FAIR', 'optimalStart': 30.0, 'optimalEnd': 64.0, 'idealStartInSeconds': 8640.0, 'idealEndInSeconds': 18432.0}","{'value': 81, 'qualifierKey': 'GOOD'}"
